0080E1030002DDDB,open-comfort
0080E10300053BA3,hank-s
0080E10300054D5A,m2-s
0080E10300056EB7,m1-s
0080E1030005CA0F,frank-s
0080E1030005CFC9,bruce-comfort
0080E1030005D584,song-s
0080E1030005DFA9,lyy-s
031C520E7DC443529A4868043AD35533,m1-b3-d
17B30675BC5849C2AD81F2448E772705,jasmine-d
19C268C8DED14228BAFFC299DD804BA8,m1-d
1EF785EA2F804E9D896540B50BE27989,hank-a
1FB8DDD7E6214C6EB50530B5CCD78E2E,m1-b6-d
34ED0328FBBC4F788F06CF3D8112DF12,maro-d
5F0E9B4BCE134239BF20A4F43084643D,m1-a
615551E71791446F906951B255950798,frank-a
64498569821D4EFF845062AA57CDB03D,m1-b1-d
66E93FDDB7684D61A19050A55D6F7432,david-d
749710AB28354584A476D553F4B8315B,fly-d
75372A36E77840389BB3183F710A4111,m1-b2-d
78E2909EDEE948B6AF89C9FA1749E66A,m2-a
7EAA0EEAD99A4B98A5BBEB121A23396E,yangqi-d
87F4D06B7E0948E5BD616ADC93E1653C,danny-d
90FD9FFFFEA94E89,rocky-s
90FD9FFFFEA950FF,xiaohua-s
90FD9FFFFEA9510F,m1-b2-s
90FD9FFFFEA95255,lukas-s
90FD9FFFFEA9527C,mr2-b10-s
90FD9FFFFEA95289,mr2-b13-s
90FD9FFFFEA9528F,mr2-b11-s
A695BB3684DF40CB96ED131621E1C207,lukas-d
A9899341F08A49279C04EAC3E6C05094,bruce-d
B0DD1D3C4A5E405293476E061A3243C5,bruce-a
B1287F969A0B48D3ADC6C43FF186F561,lyy-a
D0CF5EFFFE59F26C,m1-b4-s
D0CF5EFFFE59F28A,m1-b6-s
D0CF5EFFFE792D76,fly-s
D0CF5EFFFE792D84,jasmine-s
D0CF5EFFFE792D88,bruce-s
D0CF5EFFFE792F82,m1-b8-s
D0CF5EFFFE793047,maro-s
D0CF5EFFFE79305F,m1-b1-s
D0CF5EFFFE793068,m1-b3-s
D0CF5EFFFE79310D,mr2-b12-s
D0CF5EFFFE793144,sail-s
D0CF5EFFFE7931B3,david-s
D0CF5EFFFE7931BA,yangqi-s
D0CF5EFFFE7931D6,danny-s
D0CF5EFFFE7931D9,mr2-b9-s
D0CF5EFFFE7931DA,m1-b7-s
D0CF5EFFFE7932C2,mr2-b14-s
D0CF5EFFFE79333A,miss-s
D0CF5EFFFE793380,m1-b5-s
D6332899BDEC4AC6804B8B201E394EFB,m1-b5-d
DA896A0B011B4403B8AB3BDAC6ACE143,open-a
DFD89A2501BD459CB6A7D80B2369D588,rocky-d
E5F317A5894141F5984B826F1084F9A5,song-a
E86236F580B14B81AD7C6879289BDF91,m2-d
