ID,Time,Pct
UUID-2D0B3D668DF040E98470B0DE59BA380B,2019-12-11 16:14:00,0
UUID-2D0B3D668DF040E98470B0DE59BA380B,2019-12-11 16:15:00,0
UUID-2D0B3D668DF040E98470B0DE59BA380B,2019-12-11 16:16:00,0
EUI64-D0CF5EFFFE59E016-3-Motion,2019-12-11 15:00:00,0.35
EUI64-D0CF5EFFFE59E016-3-Motion,2019-12-11 15:01:00,0.65
EUI64-D0CF5EFFFE59E016-3-Motion,2019-12-11 15:02:00,0
EUI64-D0CF5EFFFE59E016-3-Motion,2019-12-11 15:03:00,0
EUI64-D0CF5EFFFE59E016-3-Motion,2019-12-11 15:04:00,0
EUI64-D0CF5EFFFE59E016-3-Motion,2019-12-11 15:05:00,0
EUI64-D0CF5EFFFE59E016-3-Motion,2019-12-11 15:06:00,0
EUI64-D0CF5EFFFE59E016-3-Motion,2019-12-11 15:07:00,0
EUI64-D0CF5EFFFE59E016-3-Motion,2019-12-11 15:08:00,0
EUI64-D0CF5EFFFE59E016-3-Motion,2019-12-11 15:09:00,0
EUI64-D0CF5EFFFE59E016-3-Motion,2019-12-11 15:10:00,0
EUI64-D0CF5EFFFE59E016-3-Motion,2019-12-11 15:11:00,0
EUI64-D0CF5EFFFE59E016-3-Motion,2019-12-11 15:12:00,0
EUI64-D0CF5EFFFE59E016-3-Motion,2019-12-11 15:13:00,0
EUI64-D0CF5EFFFE59E016-3-Motion,2019-12-11 15:14:00,0
EUI64-D0CF5EFFFE59E016-3-Motion,2019-12-11 15:15:00,0
EUI64-D0CF5EFFFE59E016-3-Motion,2019-12-11 15:16:00,0
EUI64-D0CF5EFFFE59E016-3-Motion,2019-12-11 15:17:00,0
EUI64-D0CF5EFFFE59E016-3-Motion,2019-12-11 15:18:00,0
EUI64-D0CF5EFFFE59E016-3-Motion,2019-12-11 15:19:00,0
EUI64-D0CF5EFFFE59E016-3-Motion,2019-12-11 15:20:00,0
EUI64-D0CF5EFFFE59E016-3-Motion,2019-12-11 15:21:00,0
EUI64-D0CF5EFFFE59E016-3-Motion,2019-12-11 15:22:00,0
EUI64-D0CF5EFFFE59E016-3-Motion,2019-12-11 15:23:00,0
EUI64-D0CF5EFFFE59E016-3-Motion,2019-12-11 15:24:00,0
EUI64-D0CF5EFFFE59E016-3-Motion,2019-12-11 15:25:00,0
EUI64-D0CF5EFFFE59E016-3-Motion,2019-12-11 15:26:00,0
EUI64-D0CF5EFFFE59E016-3-Motion,2019-12-11 15:27:00,0
EUI64-D0CF5EFFFE59E016-3-Motion,2019-12-11 15:28:00,0
EUI64-D0CF5EFFFE59E016-3-Motion,2019-12-11 15:29:00,0
EUI64-D0CF5EFFFE59E016-3-Motion,2019-12-11 15:30:00,0
EUI64-D0CF5EFFFE59E016-3-Motion,2019-12-11 15:31:00,0
EUI64-D0CF5EFFFE59E016-3-Motion,2019-12-11 15:32:00,0
EUI64-D0CF5EFFFE59E016-3-Motion,2019-12-11 15:33:00,0
EUI64-D0CF5EFFFE59E016-3-Motion,2019-12-11 15:34:00,0
EUI64-D0CF5EFFFE59E016-3-Motion,2019-12-11 15:35:00,0
EUI64-D0CF5EFFFE59E016-3-Motion,2019-12-11 15:36:00,0
EUI64-D0CF5EFFFE59E016-3-Motion,2019-12-11 15:37:00,0
EUI64-D0CF5EFFFE59E016-3-Motion,2019-12-11 15:38:00,0
EUI64-D0CF5EFFFE59E016-3-Motion,2019-12-11 15:39:00,0
EUI64-D0CF5EFFFE59E016-3-Motion,2019-12-11 15:40:00,0
EUI64-D0CF5EFFFE59E016-3-Motion,2019-12-11 15:41:00,0
EUI64-D0CF5EFFFE59E016-3-Motion,2019-12-11 15:42:00,0
EUI64-D0CF5EFFFE59E016-3-Motion,2019-12-11 15:43:00,0
EUI64-D0CF5EFFFE59E016-3-Motion,2019-12-11 15:44:00,0
EUI64-D0CF5EFFFE59E016-3-Motion,2019-12-11 15:45:00,0
EUI64-D0CF5EFFFE59E016-3-Motion,2019-12-11 15:46:00,0
EUI64-D0CF5EFFFE59E016-3-Motion,2019-12-11 15:47:00,0
EUI64-D0CF5EFFFE59E016-3-Motion,2019-12-11 15:48:00,0
EUI64-D0CF5EFFFE59E016-3-Motion,2019-12-11 15:49:00,0
EUI64-D0CF5EFFFE59E016-3-Motion,2019-12-11 15:50:00,0
EUI64-D0CF5EFFFE59E016-3-Motion,2019-12-11 15:51:00,0
EUI64-D0CF5EFFFE59E016-3-Motion,2019-12-11 15:52:00,0
EUI64-D0CF5EFFFE59E016-3-Motion,2019-12-11 15:53:00,0
EUI64-D0CF5EFFFE59E016-3-Motion,2019-12-11 15:54:00,0
EUI64-D0CF5EFFFE59E016-3-Motion,2019-12-11 15:55:00,0
EUI64-D0CF5EFFFE59E016-3-Motion,2019-12-11 15:56:00,0
EUI64-D0CF5EFFFE59E016-3-Motion,2019-12-11 15:57:00,0
EUI64-D0CF5EFFFE59E016-3-Motion,2019-12-11 15:58:00,0
EUI64-D0CF5EFFFE59E016-3-Motion,2019-12-11 15:59:00,0
EUI64-D0CF5EFFFE59E016-3-Motion,2019-12-11 16:00:00,0
EUI64-D0CF5EFFFE59E016-3-Motion,2019-12-11 16:01:00,0
EUI64-D0CF5EFFFE59E016-3-Motion,2019-12-11 16:02:00,0
EUI64-D0CF5EFFFE59E016-3-Motion,2019-12-11 16:03:00,0
EUI64-D0CF5EFFFE59E016-3-Motion,2019-12-11 16:04:00,0
EUI64-D0CF5EFFFE59E016-3-Motion,2019-12-11 16:05:00,0
EUI64-D0CF5EFFFE59E016-3-Motion,2019-12-11 16:06:00,0
EUI64-D0CF5EFFFE59E016-3-Motion,2019-12-11 16:07:00,0
EUI64-D0CF5EFFFE59E016-3-Motion,2019-12-11 16:08:00,0
EUI64-D0CF5EFFFE59E016-3-Motion,2019-12-11 16:09:00,0
EUI64-D0CF5EFFFE59E016-3-Motion,2019-12-11 16:10:00,0
EUI64-D0CF5EFFFE59E016-3-Motion,2019-12-11 16:11:00,0
EUI64-D0CF5EFFFE59E016-3-Motion,2019-12-11 16:12:00,0
EUI64-D0CF5EFFFE59E016-3-Motion,2019-12-11 16:13:00,0
EUI64-D0CF5EFFFE59E016-3-Motion,2019-12-11 16:14:00,0
EUI64-D0CF5EFFFE59E016-3-Motion,2019-12-11 16:15:00,0
EUI64-D0CF5EFFFE59E016-3-Motion,2019-12-11 16:16:00,0
EUI64-D0CF5EFFFE59E016-3-Motion,2019-12-11 16:17:00,0
EUI64-D0CF5EFFFE59E016-3-Motion,2019-12-11 16:18:00,0
EUI64-D0CF5EFFFE59E016-3-Motion,2019-12-11 16:19:00,0
EUI64-D0CF5EFFFE59E016-3-Motion,2019-12-11 16:20:00,0
EUI64-D0CF5EFFFE59E016-3-Motion,2019-12-11 16:21:00,0
EUI64-D0CF5EFFFE59E016-3-Motion,2019-12-11 16:22:00,0
EUI64-D0CF5EFFFE59E016-3-Motion,2019-12-11 16:23:00,0
EUI64-D0CF5EFFFE59E016-3-Motion,2019-12-11 16:24:00,0
EUI64-D0CF5EFFFE59E016-3-Motion,2019-12-11 16:25:00,0
EUI64-D0CF5EFFFE59E016-3-Motion,2019-12-11 16:26:00,0
EUI64-D0CF5EFFFE59E016-3-Motion,2019-12-11 16:27:00,0
EUI64-D0CF5EFFFE59E016-3-Motion,2019-12-11 16:28:00,0
EUI64-D0CF5EFFFE59E016-3-Motion,2019-12-11 16:29:00,0
EUI64-D0CF5EFFFE59E016-3-Motion,2019-12-11 16:30:00,0
EUI64-D0CF5EFFFE59E016-3-Motion,2019-12-11 16:31:00,0
EUI64-D0CF5EFFFE59E016-3-Motion,2019-12-11 16:32:00,0
EUI64-D0CF5EFFFE59E016-3-Motion,2019-12-11 16:33:00,0
EUI64-D0CF5EFFFE59E016-3-Motion,2019-12-11 16:34:00,0
EUI64-D0CF5EFFFE59E016-3-Motion,2019-12-11 16:35:00,0
EUI64-D0CF5EFFFE59E016-3-Motion,2019-12-11 16:36:00,0
EUI64-D0CF5EFFFE59E016-3-Motion,2019-12-11 16:37:00,0
EUI64-D0CF5EFFFE59E016-3-Motion,2019-12-11 16:38:00,0
EUI64-D0CF5EFFFE59E016-3-Motion,2019-12-11 16:39:00,0
EUI64-D0CF5EFFFE59E016-3-Motion,2019-12-11 16:40:00,0
EUI64-D0CF5EFFFE59E016-3-Motion,2019-12-11 16:41:00,0
EUI64-D0CF5EFFFE59E016-3-Motion,2019-12-11 16:42:00,0
EUI64-D0CF5EFFFE59E016-3-Motion,2019-12-11 16:43:00,0
EUI64-D0CF5EFFFE59E016-3-Motion,2019-12-11 16:44:00,0
EUI64-D0CF5EFFFE59E016-3-Motion,2019-12-11 16:45:00,0
EUI64-D0CF5EFFFE59E016-3-Motion,2019-12-11 16:46:00,0
EUI64-D0CF5EFFFE59E016-3-Motion,2019-12-11 16:47:00,0
EUI64-D0CF5EFFFE59E016-3-Motion,2019-12-11 16:48:00,0
EUI64-D0CF5EFFFE59E016-3-Motion,2019-12-11 16:49:00,0
EUI64-D0CF5EFFFE59E016-3-Motion,2019-12-11 16:50:00,0
EUI64-D0CF5EFFFE59E016-3-Motion,2019-12-11 16:51:00,0
EUI64-D0CF5EFFFE59E016-3-Motion,2019-12-11 16:52:00,0
EUI64-D0CF5EFFFE59E016-3-Motion,2019-12-11 16:53:00,0
EUI64-D0CF5EFFFE59E016-3-Motion,2019-12-11 16:54:00,0
EUI64-D0CF5EFFFE59E016-3-Motion,2019-12-11 16:55:00,0
EUI64-D0CF5EFFFE59E016-3-Motion,2019-12-11 16:56:00,0
EUI64-D0CF5EFFFE59E016-3-Motion,2019-12-11 16:57:00,0
EUI64-D0CF5EFFFE59E016-3-Motion,2019-12-11 16:58:00,0
EUI64-D0CF5EFFFE59E016-3-Motion,2019-12-11 16:59:00,0
EUI64-90FD9FFFFEA95529-3-Motion,2019-12-11 15:00:00,0.9166666666666666
EUI64-90FD9FFFFEA95529-3-Motion,2019-12-11 15:01:00,0.8333333333333334
EUI64-90FD9FFFFEA95529-3-Motion,2019-12-11 15:02:00,1
EUI64-90FD9FFFFEA95529-3-Motion,2019-12-11 15:03:00,0.05
EUI64-90FD9FFFFEA95529-3-Motion,2019-12-11 15:04:00,0
EUI64-90FD9FFFFEA95529-3-Motion,2019-12-11 15:05:00,0
EUI64-90FD9FFFFEA95529-3-Motion,2019-12-11 15:06:00,0
EUI64-90FD9FFFFEA95529-3-Motion,2019-12-11 15:07:00,0
EUI64-90FD9FFFFEA95529-3-Motion,2019-12-11 15:08:00,0
EUI64-90FD9FFFFEA95529-3-Motion,2019-12-11 15:09:00,0
EUI64-90FD9FFFFEA95529-3-Motion,2019-12-11 15:10:00,0
EUI64-90FD9FFFFEA95529-3-Motion,2019-12-11 15:11:00,0
EUI64-90FD9FFFFEA95529-3-Motion,2019-12-11 15:12:00,0
EUI64-90FD9FFFFEA95529-3-Motion,2019-12-11 15:13:00,0
EUI64-90FD9FFFFEA95529-3-Motion,2019-12-11 15:14:00,0
EUI64-90FD9FFFFEA95529-3-Motion,2019-12-11 15:15:00,0
EUI64-90FD9FFFFEA95529-3-Motion,2019-12-11 15:16:00,0
EUI64-90FD9FFFFEA95529-3-Motion,2019-12-11 15:17:00,0
EUI64-90FD9FFFFEA95529-3-Motion,2019-12-11 15:18:00,0
EUI64-90FD9FFFFEA95529-3-Motion,2019-12-11 15:19:00,0
EUI64-90FD9FFFFEA95529-3-Motion,2019-12-11 15:20:00,0
EUI64-90FD9FFFFEA95529-3-Motion,2019-12-11 15:21:00,0
EUI64-90FD9FFFFEA95529-3-Motion,2019-12-11 15:22:00,0
EUI64-90FD9FFFFEA95529-3-Motion,2019-12-11 15:23:00,0
EUI64-90FD9FFFFEA95529-3-Motion,2019-12-11 15:24:00,0
EUI64-90FD9FFFFEA95529-3-Motion,2019-12-11 15:25:00,0.7666666666666667
EUI64-90FD9FFFFEA95529-3-Motion,2019-12-11 15:26:00,1
EUI64-90FD9FFFFEA95529-3-Motion,2019-12-11 15:27:00,0.05
EUI64-90FD9FFFFEA95529-3-Motion,2019-12-11 15:28:00,0.08333333333333333
EUI64-90FD9FFFFEA95529-3-Motion,2019-12-11 15:29:00,1
EUI64-90FD9FFFFEA95529-3-Motion,2019-12-11 15:30:00,0.08333333333333333
EUI64-90FD9FFFFEA95529-3-Motion,2019-12-11 15:31:00,0
EUI64-90FD9FFFFEA95529-3-Motion,2019-12-11 15:32:00,0
EUI64-90FD9FFFFEA95529-3-Motion,2019-12-11 15:33:00,0
EUI64-90FD9FFFFEA95529-3-Motion,2019-12-11 15:34:00,0
EUI64-90FD9FFFFEA95529-3-Motion,2019-12-11 15:35:00,0
EUI64-90FD9FFFFEA95529-3-Motion,2019-12-11 15:36:00,0
EUI64-90FD9FFFFEA95529-3-Motion,2019-12-11 15:37:00,0
EUI64-90FD9FFFFEA95529-3-Motion,2019-12-11 15:38:00,0
EUI64-90FD9FFFFEA95529-3-Motion,2019-12-11 15:39:00,0
EUI64-90FD9FFFFEA95529-3-Motion,2019-12-11 15:40:00,0
EUI64-90FD9FFFFEA95529-3-Motion,2019-12-11 15:41:00,0.5666666666666667
EUI64-90FD9FFFFEA95529-3-Motion,2019-12-11 15:42:00,1
EUI64-90FD9FFFFEA95529-3-Motion,2019-12-11 15:43:00,1
EUI64-90FD9FFFFEA95529-3-Motion,2019-12-11 15:44:00,0.8666666666666667
EUI64-90FD9FFFFEA95529-3-Motion,2019-12-11 15:45:00,1
EUI64-90FD9FFFFEA95529-3-Motion,2019-12-11 15:46:00,0.9833333333333334
EUI64-90FD9FFFFEA95529-3-Motion,2019-12-11 15:47:00,0.7666666666666667
EUI64-90FD9FFFFEA95529-3-Motion,2019-12-11 15:48:00,1
EUI64-90FD9FFFFEA95529-3-Motion,2019-12-11 15:49:00,0.03333333333333333
EUI64-90FD9FFFFEA95529-3-Motion,2019-12-11 15:50:00,0.6666666666666666
EUI64-90FD9FFFFEA95529-3-Motion,2019-12-11 15:51:00,1
EUI64-90FD9FFFFEA95529-3-Motion,2019-12-11 15:52:00,0.016666666666666666
EUI64-90FD9FFFFEA95529-3-Motion,2019-12-11 15:53:00,0
EUI64-90FD9FFFFEA95529-3-Motion,2019-12-11 15:54:00,0
EUI64-90FD9FFFFEA95529-3-Motion,2019-12-11 15:55:00,0
EUI64-90FD9FFFFEA95529-3-Motion,2019-12-11 15:56:00,0
EUI64-90FD9FFFFEA95529-3-Motion,2019-12-11 15:57:00,0.8
EUI64-90FD9FFFFEA95529-3-Motion,2019-12-11 15:58:00,1
EUI64-90FD9FFFFEA95529-3-Motion,2019-12-11 15:59:00,0.6833333333333333
EUI64-90FD9FFFFEA95529-3-Motion,2019-12-11 16:00:00,1
EUI64-90FD9FFFFEA95529-3-Motion,2019-12-11 16:01:00,1
EUI64-90FD9FFFFEA95529-3-Motion,2019-12-11 16:02:00,0.48333333333333334
EUI64-90FD9FFFFEA95529-3-Motion,2019-12-11 16:03:00,1
EUI64-90FD9FFFFEA95529-3-Motion,2019-12-11 16:04:00,0.1
EUI64-90FD9FFFFEA95529-3-Motion,2019-12-11 16:05:00,0
EUI64-90FD9FFFFEA95529-3-Motion,2019-12-11 16:06:00,0
EUI64-90FD9FFFFEA95529-3-Motion,2019-12-11 16:07:00,0
EUI64-90FD9FFFFEA95529-3-Motion,2019-12-11 16:08:00,0
EUI64-90FD9FFFFEA95529-3-Motion,2019-12-11 16:09:00,0.6
EUI64-90FD9FFFFEA95529-3-Motion,2019-12-11 16:10:00,1
EUI64-90FD9FFFFEA95529-3-Motion,2019-12-11 16:11:00,1
EUI64-90FD9FFFFEA95529-3-Motion,2019-12-11 16:12:00,0.06666666666666667
EUI64-90FD9FFFFEA95529-3-Motion,2019-12-11 16:13:00,0
EUI64-90FD9FFFFEA95529-3-Motion,2019-12-11 16:14:00,0
EUI64-90FD9FFFFEA95529-3-Motion,2019-12-11 16:15:00,0.016666666666666666
EUI64-90FD9FFFFEA95529-3-Motion,2019-12-11 16:16:00,0.9666666666666667
EUI64-90FD9FFFFEA95529-3-Motion,2019-12-11 16:17:00,0
EUI64-90FD9FFFFEA95529-3-Motion,2019-12-11 16:18:00,0
EUI64-90FD9FFFFEA95529-3-Motion,2019-12-11 16:19:00,0
EUI64-90FD9FFFFEA95529-3-Motion,2019-12-11 16:20:00,0.8833333333333333
EUI64-90FD9FFFFEA95529-3-Motion,2019-12-11 16:21:00,0.48333333333333334
EUI64-90FD9FFFFEA95529-3-Motion,2019-12-11 16:22:00,1
EUI64-90FD9FFFFEA95529-3-Motion,2019-12-11 16:23:00,0.9333333333333333
EUI64-90FD9FFFFEA95529-3-Motion,2019-12-11 16:24:00,0
EUI64-90FD9FFFFEA95529-3-Motion,2019-12-11 16:25:00,0
EUI64-90FD9FFFFEA95529-3-Motion,2019-12-11 16:26:00,0
EUI64-90FD9FFFFEA95529-3-Motion,2019-12-11 16:27:00,0
EUI64-90FD9FFFFEA95529-3-Motion,2019-12-11 16:28:00,0
EUI64-90FD9FFFFEA95529-3-Motion,2019-12-11 16:29:00,0
EUI64-90FD9FFFFEA95529-3-Motion,2019-12-11 16:30:00,0
EUI64-90FD9FFFFEA95529-3-Motion,2019-12-11 16:31:00,0
EUI64-90FD9FFFFEA95529-3-Motion,2019-12-11 16:32:00,0
EUI64-90FD9FFFFEA95529-3-Motion,2019-12-11 16:33:00,0
EUI64-90FD9FFFFEA95529-3-Motion,2019-12-11 16:34:00,0
EUI64-90FD9FFFFEA95529-3-Motion,2019-12-11 16:35:00,0
EUI64-90FD9FFFFEA95529-3-Motion,2019-12-11 16:36:00,0
EUI64-90FD9FFFFEA95529-3-Motion,2019-12-11 16:37:00,0
EUI64-90FD9FFFFEA95529-3-Motion,2019-12-11 16:38:00,0
EUI64-90FD9FFFFEA95529-3-Motion,2019-12-11 16:39:00,0
EUI64-90FD9FFFFEA95529-3-Motion,2019-12-11 16:40:00,0
EUI64-90FD9FFFFEA95529-3-Motion,2019-12-11 16:41:00,0
EUI64-90FD9FFFFEA95529-3-Motion,2019-12-11 16:42:00,0
EUI64-90FD9FFFFEA95529-3-Motion,2019-12-11 16:43:00,0
EUI64-90FD9FFFFEA95529-3-Motion,2019-12-11 16:44:00,0
EUI64-90FD9FFFFEA95529-3-Motion,2019-12-11 16:45:00,0
EUI64-90FD9FFFFEA95529-3-Motion,2019-12-11 16:46:00,0
EUI64-90FD9FFFFEA95529-3-Motion,2019-12-11 16:47:00,0
EUI64-90FD9FFFFEA95529-3-Motion,2019-12-11 16:48:00,0
EUI64-90FD9FFFFEA95529-3-Motion,2019-12-11 16:49:00,0
EUI64-90FD9FFFFEA95529-3-Motion,2019-12-11 16:50:00,0
EUI64-90FD9FFFFEA95529-3-Motion,2019-12-11 16:51:00,0
EUI64-90FD9FFFFEA95529-3-Motion,2019-12-11 16:52:00,0.4
EUI64-90FD9FFFFEA95529-3-Motion,2019-12-11 16:53:00,0.8833333333333333
EUI64-90FD9FFFFEA95529-3-Motion,2019-12-11 16:54:00,0
EUI64-90FD9FFFFEA95529-3-Motion,2019-12-11 16:55:00,0
EUI64-90FD9FFFFEA95529-3-Motion,2019-12-11 16:56:00,0
EUI64-90FD9FFFFEA95529-3-Motion,2019-12-11 16:57:00,0
EUI64-90FD9FFFFEA95529-3-Motion,2019-12-11 16:58:00,0
EUI64-90FD9FFFFEA95529-3-Motion,2019-12-11 16:59:00,0
EUI64-90FD9FFFFEA77AB8-3-Motion,2019-12-11 15:00:00,0.05
EUI64-90FD9FFFFEA77AB8-3-Motion,2019-12-11 15:00:00,0.5833333333333334
EUI64-90FD9FFFFEA77AB8-3-Motion,2019-12-11 15:01:00,1
EUI64-90FD9FFFFEA77AB8-3-Motion,2019-12-11 15:02:00,1
EUI64-90FD9FFFFEA77AB8-3-Motion,2019-12-11 15:03:00,1
EUI64-90FD9FFFFEA77AB8-3-Motion,2019-12-11 15:04:00,1
EUI64-90FD9FFFFEA77AB8-3-Motion,2019-12-11 15:05:00,1
EUI64-90FD9FFFFEA77AB8-3-Motion,2019-12-11 15:06:00,1
EUI64-90FD9FFFFEA77AB8-3-Motion,2019-12-11 15:07:00,1
EUI64-90FD9FFFFEA77AB8-3-Motion,2019-12-11 15:08:00,1
EUI64-90FD9FFFFEA77AB8-3-Motion,2019-12-11 15:09:00,1
EUI64-90FD9FFFFEA77AB8-3-Motion,2019-12-11 15:10:00,1
EUI64-90FD9FFFFEA77AB8-3-Motion,2019-12-11 15:11:00,0.8833333333333333
EUI64-90FD9FFFFEA77AB8-3-Motion,2019-12-11 15:12:00,0
EUI64-90FD9FFFFEA77AB8-3-Motion,2019-12-11 15:13:00,0.3333333333333333
EUI64-90FD9FFFFEA77AB8-3-Motion,2019-12-11 15:14:00,0.8833333333333333
EUI64-90FD9FFFFEA77AB8-3-Motion,2019-12-11 15:15:00,0.9666666666666667
EUI64-90FD9FFFFEA77AB8-3-Motion,2019-12-11 15:16:00,1
EUI64-90FD9FFFFEA77AB8-3-Motion,2019-12-11 15:17:00,1
EUI64-90FD9FFFFEA77AB8-3-Motion,2019-12-11 15:18:00,1
EUI64-90FD9FFFFEA77AB8-3-Motion,2019-12-11 15:19:00,1
EUI64-90FD9FFFFEA77AB8-3-Motion,2019-12-11 15:20:00,1
EUI64-90FD9FFFFEA77AB8-3-Motion,2019-12-11 15:21:00,0.8
EUI64-90FD9FFFFEA77AB8-3-Motion,2019-12-11 15:22:00,0
EUI64-90FD9FFFFEA77AB8-3-Motion,2019-12-11 15:23:00,0
EUI64-90FD9FFFFEA77AB8-3-Motion,2019-12-11 15:24:00,0
EUI64-90FD9FFFFEA77AB8-3-Motion,2019-12-11 15:25:00,0.7166666666666668
EUI64-90FD9FFFFEA77AB8-3-Motion,2019-12-11 15:26:00,1
EUI64-90FD9FFFFEA77AB8-3-Motion,2019-12-11 15:27:00,1
EUI64-90FD9FFFFEA77AB8-3-Motion,2019-12-11 15:28:00,1
EUI64-90FD9FFFFEA77AB8-3-Motion,2019-12-11 15:29:00,1
EUI64-90FD9FFFFEA77AB8-3-Motion,2019-12-11 15:30:00,1
EUI64-90FD9FFFFEA77AB8-3-Motion,2019-12-11 15:31:00,1
EUI64-90FD9FFFFEA77AB8-3-Motion,2019-12-11 15:32:00,1
EUI64-90FD9FFFFEA77AB8-3-Motion,2019-12-11 15:33:00,0.6833333333333333
EUI64-90FD9FFFFEA77AB8-3-Motion,2019-12-11 15:34:00,0.7833333333333333
EUI64-90FD9FFFFEA77AB8-3-Motion,2019-12-11 15:35:00,1
EUI64-90FD9FFFFEA77AB8-3-Motion,2019-12-11 15:36:00,1
EUI64-90FD9FFFFEA77AB8-3-Motion,2019-12-11 15:37:00,1
EUI64-90FD9FFFFEA77AB8-3-Motion,2019-12-11 15:38:00,1
EUI64-90FD9FFFFEA77AB8-3-Motion,2019-12-11 15:39:00,1
EUI64-90FD9FFFFEA77AB8-3-Motion,2019-12-11 15:40:00,1
EUI64-90FD9FFFFEA77AB8-3-Motion,2019-12-11 15:41:00,1
EUI64-90FD9FFFFEA77AB8-3-Motion,2019-12-11 15:42:00,1
EUI64-90FD9FFFFEA77AB8-3-Motion,2019-12-11 15:43:00,1
EUI64-90FD9FFFFEA77AB8-3-Motion,2019-12-11 15:44:00,1
EUI64-90FD9FFFFEA77AB8-3-Motion,2019-12-11 15:45:00,1
EUI64-90FD9FFFFEA77AB8-3-Motion,2019-12-11 15:46:00,1
EUI64-90FD9FFFFEA77AB8-3-Motion,2019-12-11 15:47:00,1
EUI64-90FD9FFFFEA77AB8-3-Motion,2019-12-11 15:48:00,1
EUI64-90FD9FFFFEA77AB8-3-Motion,2019-12-11 15:49:00,0.5333333333333333
EUI64-90FD9FFFFEA77AB8-3-Motion,2019-12-11 15:50:00,0
EUI64-90FD9FFFFEA77AB8-3-Motion,2019-12-11 15:51:00,0
EUI64-90FD9FFFFEA77AB8-3-Motion,2019-12-11 15:52:00,0
EUI64-90FD9FFFFEA77AB8-3-Motion,2019-12-11 15:53:00,0
EUI64-90FD9FFFFEA77AB8-3-Motion,2019-12-11 15:54:00,0
EUI64-90FD9FFFFEA77AB8-3-Motion,2019-12-11 15:55:00,0
EUI64-90FD9FFFFEA77AB8-3-Motion,2019-12-11 15:56:00,0
EUI64-90FD9FFFFEA77AB8-3-Motion,2019-12-11 15:57:00,0
EUI64-90FD9FFFFEA77AB8-3-Motion,2019-12-11 15:58:00,0
EUI64-90FD9FFFFEA77AB8-3-Motion,2019-12-11 15:59:00,0
EUI64-90FD9FFFFEA77AB8-3-Motion,2019-12-11 16:00:00,0
EUI64-90FD9FFFFEA77AB8-3-Motion,2019-12-11 16:01:00,0
EUI64-90FD9FFFFEA77AB8-3-Motion,2019-12-11 16:02:00,0.5
EUI64-90FD9FFFFEA77AB8-3-Motion,2019-12-11 16:03:00,0.5166666666666667
EUI64-90FD9FFFFEA77AB8-3-Motion,2019-12-11 16:04:00,0
EUI64-90FD9FFFFEA77AB8-3-Motion,2019-12-11 16:05:00,0
EUI64-90FD9FFFFEA77AB8-3-Motion,2019-12-11 16:06:00,0.18333333333333332
EUI64-90FD9FFFFEA77AB8-3-Motion,2019-12-11 16:07:00,1
EUI64-90FD9FFFFEA77AB8-3-Motion,2019-12-11 16:08:00,0.5333333333333333
EUI64-90FD9FFFFEA77AB8-3-Motion,2019-12-11 16:09:00,0
EUI64-90FD9FFFFEA77AB8-3-Motion,2019-12-11 16:10:00,0
EUI64-90FD9FFFFEA77AB8-3-Motion,2019-12-11 16:11:00,0
EUI64-90FD9FFFFEA77AB8-3-Motion,2019-12-11 16:12:00,0
EUI64-90FD9FFFFEA77AB8-3-Motion,2019-12-11 16:13:00,0
EUI64-90FD9FFFFEA77AB8-3-Motion,2019-12-11 16:14:00,0
EUI64-90FD9FFFFEA77AB8-3-Motion,2019-12-11 16:15:00,0
EUI64-90FD9FFFFEA77AB8-3-Motion,2019-12-11 16:16:00,0
EUI64-90FD9FFFFEA77AB8-3-Motion,2019-12-11 16:17:00,0
EUI64-90FD9FFFFEA77AB8-3-Motion,2019-12-11 16:18:00,0
EUI64-90FD9FFFFEA77AB8-3-Motion,2019-12-11 16:19:00,0
EUI64-90FD9FFFFEA77AB8-3-Motion,2019-12-11 16:20:00,0
EUI64-90FD9FFFFEA77AB8-3-Motion,2019-12-11 16:21:00,0
EUI64-90FD9FFFFEA77AB8-3-Motion,2019-12-11 16:22:00,0
EUI64-90FD9FFFFEA77AB8-3-Motion,2019-12-11 16:23:00,0
EUI64-90FD9FFFFEA77AB8-3-Motion,2019-12-11 16:24:00,0.6833333333333333
EUI64-90FD9FFFFEA77AB8-3-Motion,2019-12-11 16:25:00,0.6666666666666666
EUI64-90FD9FFFFEA77AB8-3-Motion,2019-12-11 16:26:00,0
EUI64-90FD9FFFFEA77AB8-3-Motion,2019-12-11 16:27:00,0
EUI64-90FD9FFFFEA77AB8-3-Motion,2019-12-11 16:28:00,0
EUI64-90FD9FFFFEA77AB8-3-Motion,2019-12-11 16:29:00,0
EUI64-90FD9FFFFEA77AB8-3-Motion,2019-12-11 16:30:00,0
EUI64-90FD9FFFFEA77AB8-3-Motion,2019-12-11 16:31:00,0
EUI64-90FD9FFFFEA77AB8-3-Motion,2019-12-11 16:32:00,0.5
EUI64-90FD9FFFFEA77AB8-3-Motion,2019-12-11 16:33:00,0.6833333333333333
EUI64-90FD9FFFFEA77AB8-3-Motion,2019-12-11 16:34:00,0
EUI64-90FD9FFFFEA77AB8-3-Motion,2019-12-11 16:35:00,0
EUI64-90FD9FFFFEA77AB8-3-Motion,2019-12-11 16:36:00,0
EUI64-90FD9FFFFEA77AB8-3-Motion,2019-12-11 16:37:00,0
EUI64-90FD9FFFFEA77AB8-3-Motion,2019-12-11 16:38:00,0
EUI64-90FD9FFFFEA77AB8-3-Motion,2019-12-11 16:39:00,0
EUI64-90FD9FFFFEA77AB8-3-Motion,2019-12-11 16:40:00,0
EUI64-90FD9FFFFEA77AB8-3-Motion,2019-12-11 16:41:00,0
EUI64-90FD9FFFFEA77AB8-3-Motion,2019-12-11 16:42:00,0
EUI64-90FD9FFFFEA77AB8-3-Motion,2019-12-11 16:43:00,0
EUI64-90FD9FFFFEA77AB8-3-Motion,2019-12-11 16:44:00,0
EUI64-90FD9FFFFEA77AB8-3-Motion,2019-12-11 16:45:00,0
EUI64-90FD9FFFFEA77AB8-3-Motion,2019-12-11 16:46:00,0
EUI64-90FD9FFFFEA77AB8-3-Motion,2019-12-11 16:47:00,0
EUI64-90FD9FFFFEA77AB8-3-Motion,2019-12-11 16:48:00,0
EUI64-90FD9FFFFEA77AB8-3-Motion,2019-12-11 16:49:00,0
EUI64-90FD9FFFFEA77AB8-3-Motion,2019-12-11 16:50:00,0
EUI64-90FD9FFFFEA77AB8-3-Motion,2019-12-11 16:51:00,0
EUI64-90FD9FFFFEA77AB8-3-Motion,2019-12-11 16:52:00,0
EUI64-90FD9FFFFEA77AB8-3-Motion,2019-12-11 16:53:00,0
EUI64-90FD9FFFFEA77AB8-3-Motion,2019-12-11 16:54:00,0
EUI64-90FD9FFFFEA77AB8-3-Motion,2019-12-11 16:55:00,0
EUI64-90FD9FFFFEA77AB8-3-Motion,2019-12-11 16:56:00,0
EUI64-90FD9FFFFEA77AB8-3-Motion,2019-12-11 16:57:00,0
EUI64-90FD9FFFFEA77AB8-3-Motion,2019-12-11 16:58:00,0
EUI64-90FD9FFFFEA77AB8-3-Motion,2019-12-11 16:59:00,0
EUI64-D0CF5EFFFE793BD3-3-Motion,2019-12-11 15:00:00,0.25
EUI64-D0CF5EFFFE793BD3-3-Motion,2019-12-11 15:00:00,0.13333333333333333
EUI64-D0CF5EFFFE793BD3-3-Motion,2019-12-11 15:01:00,1
EUI64-D0CF5EFFFE793BD3-3-Motion,2019-12-11 15:02:00,1
EUI64-D0CF5EFFFE793BD3-3-Motion,2019-12-11 15:03:00,0.6
EUI64-D0CF5EFFFE793BD3-3-Motion,2019-12-11 15:04:00,0.55
EUI64-D0CF5EFFFE793BD3-3-Motion,2019-12-11 15:05:00,0.8166666666666667
EUI64-D0CF5EFFFE793BD3-3-Motion,2019-12-11 15:06:00,0.9999999999999999
EUI64-D0CF5EFFFE793BD3-3-Motion,2019-12-11 15:07:00,1
EUI64-D0CF5EFFFE793BD3-3-Motion,2019-12-11 15:08:00,0.5833333333333334
EUI64-D0CF5EFFFE793BD3-3-Motion,2019-12-11 15:09:00,0.7333333333333333
EUI64-D0CF5EFFFE793BD3-3-Motion,2019-12-11 15:10:00,1
EUI64-D0CF5EFFFE793BD3-3-Motion,2019-12-11 15:11:00,1
EUI64-D0CF5EFFFE793BD3-3-Motion,2019-12-11 15:12:00,0.9833333333333334
EUI64-D0CF5EFFFE793BD3-3-Motion,2019-12-11 15:13:00,0.5833333333333334
EUI64-D0CF5EFFFE793BD3-3-Motion,2019-12-11 15:14:00,0
EUI64-D0CF5EFFFE793BD3-3-Motion,2019-12-11 15:15:00,0
EUI64-D0CF5EFFFE793BD3-3-Motion,2019-12-11 15:16:00,0
EUI64-D0CF5EFFFE793BD3-3-Motion,2019-12-11 15:17:00,0.15
EUI64-D0CF5EFFFE793BD3-3-Motion,2019-12-11 15:18:00,1
EUI64-D0CF5EFFFE793BD3-3-Motion,2019-12-11 15:19:00,0.5833333333333334
EUI64-D0CF5EFFFE793BD3-3-Motion,2019-12-11 15:20:00,0.2833333333333333
EUI64-D0CF5EFFFE793BD3-3-Motion,2019-12-11 15:21:00,1
EUI64-D0CF5EFFFE793BD3-3-Motion,2019-12-11 15:22:00,1.0000000000000002
EUI64-D0CF5EFFFE793BD3-3-Motion,2019-12-11 15:23:00,1
EUI64-D0CF5EFFFE793BD3-3-Motion,2019-12-11 15:24:00,1
EUI64-D0CF5EFFFE793BD3-3-Motion,2019-12-11 15:25:00,1
EUI64-D0CF5EFFFE793BD3-3-Motion,2019-12-11 15:26:00,0.5833333333333334
EUI64-D0CF5EFFFE793BD3-3-Motion,2019-12-11 15:27:00,0
EUI64-D0CF5EFFFE793BD3-3-Motion,2019-12-11 15:28:00,0.6
EUI64-D0CF5EFFFE793BD3-3-Motion,2019-12-11 15:29:00,1
EUI64-D0CF5EFFFE793BD3-3-Motion,2019-12-11 15:30:00,1
EUI64-D0CF5EFFFE793BD3-3-Motion,2019-12-11 15:31:00,1
EUI64-D0CF5EFFFE793BD3-3-Motion,2019-12-11 15:32:00,1
EUI64-D0CF5EFFFE793BD3-3-Motion,2019-12-11 15:33:00,1
EUI64-D0CF5EFFFE793BD3-3-Motion,2019-12-11 15:34:00,1
EUI64-D0CF5EFFFE793BD3-3-Motion,2019-12-11 15:35:00,1
EUI64-D0CF5EFFFE793BD3-3-Motion,2019-12-11 15:36:00,1
EUI64-D0CF5EFFFE793BD3-3-Motion,2019-12-11 15:37:00,1
EUI64-D0CF5EFFFE793BD3-3-Motion,2019-12-11 15:38:00,1
EUI64-D0CF5EFFFE793BD3-3-Motion,2019-12-11 15:39:00,1
EUI64-D0CF5EFFFE793BD3-3-Motion,2019-12-11 15:40:00,0.5333333333333333
EUI64-D0CF5EFFFE793BD3-3-Motion,2019-12-11 15:41:00,0.2833333333333333
EUI64-D0CF5EFFFE793BD3-3-Motion,2019-12-11 15:42:00,1
EUI64-D0CF5EFFFE793BD3-3-Motion,2019-12-11 15:43:00,1
EUI64-D0CF5EFFFE793BD3-3-Motion,2019-12-11 15:44:00,1
EUI64-D0CF5EFFFE793BD3-3-Motion,2019-12-11 15:45:00,1
EUI64-D0CF5EFFFE793BD3-3-Motion,2019-12-11 15:46:00,1
EUI64-D0CF5EFFFE793BD3-3-Motion,2019-12-11 15:47:00,1
EUI64-D0CF5EFFFE793BD3-3-Motion,2019-12-11 15:48:00,1
EUI64-D0CF5EFFFE793BD3-3-Motion,2019-12-11 15:49:00,1
EUI64-D0CF5EFFFE793BD3-3-Motion,2019-12-11 15:50:00,0.8666666666666667
EUI64-D0CF5EFFFE793BD3-3-Motion,2019-12-11 15:51:00,1
EUI64-D0CF5EFFFE793BD3-3-Motion,2019-12-11 15:52:00,1
EUI64-D0CF5EFFFE793BD3-3-Motion,2019-12-11 15:53:00,1
EUI64-D0CF5EFFFE793BD3-3-Motion,2019-12-11 15:54:00,0.8666666666666667
EUI64-D0CF5EFFFE793BD3-3-Motion,2019-12-11 15:55:00,1
EUI64-D0CF5EFFFE793BD3-3-Motion,2019-12-11 15:56:00,0.5
EUI64-D0CF5EFFFE793BD3-3-Motion,2019-12-11 15:57:00,0.7166666666666668
EUI64-D0CF5EFFFE793BD3-3-Motion,2019-12-11 15:58:00,1
EUI64-D0CF5EFFFE793BD3-3-Motion,2019-12-11 15:59:00,0.5166666666666667
EUI64-D0CF5EFFFE793BD3-3-Motion,2019-12-11 16:00:00,0.9166666666666666
EUI64-D0CF5EFFFE793BD3-3-Motion,2019-12-11 16:01:00,0.5
EUI64-D0CF5EFFFE793BD3-3-Motion,2019-12-11 16:02:00,0
EUI64-D0CF5EFFFE793BD3-3-Motion,2019-12-11 16:03:00,0
EUI64-D0CF5EFFFE793BD3-3-Motion,2019-12-11 16:04:00,0
EUI64-D0CF5EFFFE793BD3-3-Motion,2019-12-11 16:05:00,0
EUI64-D0CF5EFFFE793BD3-3-Motion,2019-12-11 16:06:00,0.8833333333333333
EUI64-D0CF5EFFFE793BD3-3-Motion,2019-12-11 16:07:00,1
EUI64-D0CF5EFFFE793BD3-3-Motion,2019-12-11 16:08:00,1
EUI64-D0CF5EFFFE793BD3-3-Motion,2019-12-11 16:09:00,0.8500000000000001
EUI64-D0CF5EFFFE793BD3-3-Motion,2019-12-11 16:10:00,1
EUI64-D0CF5EFFFE793BD3-3-Motion,2019-12-11 16:11:00,0.5833333333333334
EUI64-D0CF5EFFFE793BD3-3-Motion,2019-12-11 16:12:00,0.8166666666666667
EUI64-D0CF5EFFFE793BD3-3-Motion,2019-12-11 16:13:00,1
EUI64-D0CF5EFFFE793BD3-3-Motion,2019-12-11 16:14:00,1
EUI64-D0CF5EFFFE793BD3-3-Motion,2019-12-11 16:15:00,1
EUI64-D0CF5EFFFE793BD3-3-Motion,2019-12-11 16:16:00,0.5333333333333333
EUI64-D0CF5EFFFE793BD3-3-Motion,2019-12-11 16:17:00,0.6166666666666667
EUI64-D0CF5EFFFE793BD3-3-Motion,2019-12-11 16:18:00,0.9833333333333334
EUI64-D0CF5EFFFE793BD3-3-Motion,2019-12-11 16:19:00,1
EUI64-D0CF5EFFFE793BD3-3-Motion,2019-12-11 16:20:00,0.5666666666666667
EUI64-D0CF5EFFFE793BD3-3-Motion,2019-12-11 16:21:00,0.45
EUI64-D0CF5EFFFE793BD3-3-Motion,2019-12-11 16:22:00,0.8833333333333333
EUI64-D0CF5EFFFE793BD3-3-Motion,2019-12-11 16:23:00,1
EUI64-D0CF5EFFFE793BD3-3-Motion,2019-12-11 16:24:00,1
EUI64-D0CF5EFFFE793BD3-3-Motion,2019-12-11 16:25:00,1
EUI64-D0CF5EFFFE793BD3-3-Motion,2019-12-11 16:26:00,0.7166666666666668
EUI64-D0CF5EFFFE793BD3-3-Motion,2019-12-11 16:27:00,1
EUI64-D0CF5EFFFE793BD3-3-Motion,2019-12-11 16:28:00,0.5
EUI64-D0CF5EFFFE793BD3-3-Motion,2019-12-11 16:29:00,0
EUI64-D0CF5EFFFE793BD3-3-Motion,2019-12-11 16:30:00,0
EUI64-D0CF5EFFFE793BD3-3-Motion,2019-12-11 16:31:00,0.5833333333333334
EUI64-D0CF5EFFFE793BD3-3-Motion,2019-12-11 16:32:00,1
EUI64-D0CF5EFFFE793BD3-3-Motion,2019-12-11 16:33:00,1
EUI64-D0CF5EFFFE793BD3-3-Motion,2019-12-11 16:34:00,1
EUI64-D0CF5EFFFE793BD3-3-Motion,2019-12-11 16:35:00,1
EUI64-D0CF5EFFFE793BD3-3-Motion,2019-12-11 16:36:00,0.5166666666666666
EUI64-D0CF5EFFFE793BD3-3-Motion,2019-12-11 16:37:00,1
EUI64-D0CF5EFFFE793BD3-3-Motion,2019-12-11 16:38:00,1
EUI64-D0CF5EFFFE793BD3-3-Motion,2019-12-11 16:39:00,1
EUI64-D0CF5EFFFE793BD3-3-Motion,2019-12-11 16:40:00,1
EUI64-D0CF5EFFFE793BD3-3-Motion,2019-12-11 16:41:00,0.4833333333333333
EUI64-D0CF5EFFFE793BD3-3-Motion,2019-12-11 16:42:00,1
EUI64-D0CF5EFFFE793BD3-3-Motion,2019-12-11 16:43:00,1
EUI64-D0CF5EFFFE793BD3-3-Motion,2019-12-11 16:44:00,1
EUI64-D0CF5EFFFE793BD3-3-Motion,2019-12-11 16:45:00,1
EUI64-D0CF5EFFFE793BD3-3-Motion,2019-12-11 16:46:00,0.31666666666666665
EUI64-D0CF5EFFFE793BD3-3-Motion,2019-12-11 16:47:00,0
EUI64-D0CF5EFFFE793BD3-3-Motion,2019-12-11 16:48:00,0.8166666666666667
EUI64-D0CF5EFFFE793BD3-3-Motion,2019-12-11 16:49:00,1
EUI64-D0CF5EFFFE793BD3-3-Motion,2019-12-11 16:50:00,1
EUI64-D0CF5EFFFE793BD3-3-Motion,2019-12-11 16:51:00,1
EUI64-D0CF5EFFFE793BD3-3-Motion,2019-12-11 16:52:00,1
EUI64-D0CF5EFFFE793BD3-3-Motion,2019-12-11 16:53:00,1
EUI64-D0CF5EFFFE793BD3-3-Motion,2019-12-11 16:54:00,0.6833333333333333
EUI64-D0CF5EFFFE793BD3-3-Motion,2019-12-11 16:55:00,1
EUI64-D0CF5EFFFE793BD3-3-Motion,2019-12-11 16:56:00,1
EUI64-D0CF5EFFFE793BD3-3-Motion,2019-12-11 16:57:00,1
EUI64-D0CF5EFFFE793BD3-3-Motion,2019-12-11 16:58:00,1
EUI64-D0CF5EFFFE793BD3-3-Motion,2019-12-11 16:59:00,0.5
EUI64-D0CF5EFFFE792EB7-3-Motion,2019-12-11 15:00:00,0.25
EUI64-D0CF5EFFFE792EB7-3-Motion,2019-12-11 15:01:00,1
EUI64-D0CF5EFFFE792EB7-3-Motion,2019-12-11 15:02:00,1
EUI64-D0CF5EFFFE792EB7-3-Motion,2019-12-11 15:03:00,1
EUI64-D0CF5EFFFE792EB7-3-Motion,2019-12-11 15:04:00,1
EUI64-D0CF5EFFFE792EB7-3-Motion,2019-12-11 15:05:00,1
EUI64-D0CF5EFFFE792EB7-3-Motion,2019-12-11 15:06:00,1
EUI64-D0CF5EFFFE792EB7-3-Motion,2019-12-11 15:07:00,1
EUI64-D0CF5EFFFE792EB7-3-Motion,2019-12-11 15:08:00,1
EUI64-D0CF5EFFFE792EB7-3-Motion,2019-12-11 15:09:00,1
EUI64-D0CF5EFFFE792EB7-3-Motion,2019-12-11 15:10:00,1
EUI64-D0CF5EFFFE792EB7-3-Motion,2019-12-11 15:11:00,1
EUI64-D0CF5EFFFE792EB7-3-Motion,2019-12-11 15:12:00,1
EUI64-D0CF5EFFFE792EB7-3-Motion,2019-12-11 15:13:00,1
EUI64-D0CF5EFFFE792EB7-3-Motion,2019-12-11 15:14:00,1
EUI64-D0CF5EFFFE792EB7-3-Motion,2019-12-11 15:15:00,1
EUI64-D0CF5EFFFE792EB7-3-Motion,2019-12-11 15:16:00,1
EUI64-D0CF5EFFFE792EB7-3-Motion,2019-12-11 15:17:00,1
EUI64-D0CF5EFFFE792EB7-3-Motion,2019-12-11 15:18:00,1
EUI64-D0CF5EFFFE792EB7-3-Motion,2019-12-11 15:19:00,1
EUI64-D0CF5EFFFE792EB7-3-Motion,2019-12-11 15:20:00,1
EUI64-D0CF5EFFFE792EB7-3-Motion,2019-12-11 15:21:00,0.4833333333333334
EUI64-D0CF5EFFFE792EB7-3-Motion,2019-12-11 15:22:00,1
EUI64-D0CF5EFFFE792EB7-3-Motion,2019-12-11 15:23:00,1
EUI64-D0CF5EFFFE792EB7-3-Motion,2019-12-11 15:24:00,1
EUI64-D0CF5EFFFE792EB7-3-Motion,2019-12-11 15:25:00,1
EUI64-D0CF5EFFFE792EB7-3-Motion,2019-12-11 15:26:00,1
EUI64-D0CF5EFFFE792EB7-3-Motion,2019-12-11 15:27:00,0.25
EUI64-D0CF5EFFFE792EB7-3-Motion,2019-12-11 15:28:00,0
EUI64-D0CF5EFFFE792EB7-3-Motion,2019-12-11 15:29:00,0.8833333333333333
EUI64-D0CF5EFFFE792EB7-3-Motion,2019-12-11 15:30:00,0.95
EUI64-D0CF5EFFFE792EB7-3-Motion,2019-12-11 15:31:00,1
EUI64-D0CF5EFFFE792EB7-3-Motion,2019-12-11 15:32:00,1
EUI64-D0CF5EFFFE792EB7-3-Motion,2019-12-11 15:33:00,1
EUI64-D0CF5EFFFE792EB7-3-Motion,2019-12-11 15:34:00,1
EUI64-D0CF5EFFFE792EB7-3-Motion,2019-12-11 15:35:00,1
EUI64-D0CF5EFFFE792EB7-3-Motion,2019-12-11 15:36:00,1
EUI64-D0CF5EFFFE792EB7-3-Motion,2019-12-11 15:37:00,1
EUI64-D0CF5EFFFE792EB7-3-Motion,2019-12-11 15:38:00,1
EUI64-D0CF5EFFFE792EB7-3-Motion,2019-12-11 15:39:00,1
EUI64-D0CF5EFFFE792EB7-3-Motion,2019-12-11 15:40:00,1
EUI64-D0CF5EFFFE792EB7-3-Motion,2019-12-11 15:41:00,1
EUI64-D0CF5EFFFE792EB7-3-Motion,2019-12-11 15:42:00,1
EUI64-D0CF5EFFFE792EB7-3-Motion,2019-12-11 15:43:00,1
EUI64-D0CF5EFFFE792EB7-3-Motion,2019-12-11 15:44:00,0.9166666666666666
EUI64-D0CF5EFFFE792EB7-3-Motion,2019-12-11 15:45:00,0
EUI64-D0CF5EFFFE792EB7-3-Motion,2019-12-11 15:46:00,0.7333333333333333
EUI64-D0CF5EFFFE792EB7-3-Motion,2019-12-11 15:47:00,1
EUI64-D0CF5EFFFE792EB7-3-Motion,2019-12-11 15:48:00,1
EUI64-D0CF5EFFFE792EB7-3-Motion,2019-12-11 15:49:00,1
EUI64-D0CF5EFFFE792EB7-3-Motion,2019-12-11 15:50:00,1
EUI64-D0CF5EFFFE792EB7-3-Motion,2019-12-11 15:51:00,1
EUI64-D0CF5EFFFE792EB7-3-Motion,2019-12-11 15:52:00,1
EUI64-D0CF5EFFFE792EB7-3-Motion,2019-12-11 15:53:00,1
EUI64-D0CF5EFFFE792EB7-3-Motion,2019-12-11 15:54:00,1
EUI64-D0CF5EFFFE792EB7-3-Motion,2019-12-11 15:55:00,1
EUI64-D0CF5EFFFE792EB7-3-Motion,2019-12-11 15:56:00,1
EUI64-D0CF5EFFFE792EB7-3-Motion,2019-12-11 15:57:00,1
EUI64-D0CF5EFFFE792EB7-3-Motion,2019-12-11 15:58:00,1
EUI64-D0CF5EFFFE792EB7-3-Motion,2019-12-11 15:59:00,1
EUI64-D0CF5EFFFE792EB7-3-Motion,2019-12-11 16:00:00,1
EUI64-D0CF5EFFFE792EB7-3-Motion,2019-12-11 16:01:00,0.75
EUI64-D0CF5EFFFE792EB7-3-Motion,2019-12-11 16:02:00,0.6
EUI64-D0CF5EFFFE792EB7-3-Motion,2019-12-11 16:03:00,1
EUI64-D0CF5EFFFE792EB7-3-Motion,2019-12-11 16:04:00,1
EUI64-D0CF5EFFFE792EB7-3-Motion,2019-12-11 16:05:00,0.7666666666666667
EUI64-D0CF5EFFFE792EB7-3-Motion,2019-12-11 16:06:00,0.25
EUI64-D0CF5EFFFE792EB7-3-Motion,2019-12-11 16:07:00,1
EUI64-D0CF5EFFFE792EB7-3-Motion,2019-12-11 16:08:00,1
EUI64-D0CF5EFFFE792EB7-3-Motion,2019-12-11 16:09:00,1
EUI64-D0CF5EFFFE792EB7-3-Motion,2019-12-11 16:10:00,0.75
EUI64-D0CF5EFFFE792EB7-3-Motion,2019-12-11 16:11:00,0
EUI64-D0CF5EFFFE792EB7-3-Motion,2019-12-11 16:12:00,0
EUI64-D0CF5EFFFE792EB7-3-Motion,2019-12-11 16:13:00,0
EUI64-D0CF5EFFFE792EB7-3-Motion,2019-12-11 16:14:00,0
EUI64-D0CF5EFFFE792EB7-3-Motion,2019-12-11 16:15:00,0
EUI64-D0CF5EFFFE792EB7-3-Motion,2019-12-11 16:16:00,0.8999999999999999
EUI64-D0CF5EFFFE792EB7-3-Motion,2019-12-11 16:17:00,0.75
EUI64-D0CF5EFFFE792EB7-3-Motion,2019-12-11 16:18:00,0.9333333333333333
EUI64-D0CF5EFFFE792EB7-3-Motion,2019-12-11 16:19:00,1
EUI64-D0CF5EFFFE792EB7-3-Motion,2019-12-11 16:20:00,1
EUI64-D0CF5EFFFE792EB7-3-Motion,2019-12-11 16:21:00,1
EUI64-D0CF5EFFFE792EB7-3-Motion,2019-12-11 16:22:00,1
EUI64-D0CF5EFFFE792EB7-3-Motion,2019-12-11 16:23:00,0.95
EUI64-D0CF5EFFFE792EB7-3-Motion,2019-12-11 16:24:00,1
EUI64-D0CF5EFFFE792EB7-3-Motion,2019-12-11 16:25:00,1
EUI64-D0CF5EFFFE792EB7-3-Motion,2019-12-11 16:26:00,0.8833333333333333
EUI64-D0CF5EFFFE792EB7-3-Motion,2019-12-11 16:27:00,1
EUI64-D0CF5EFFFE792EB7-3-Motion,2019-12-11 16:28:00,1
EUI64-D0CF5EFFFE792EB7-3-Motion,2019-12-11 16:29:00,0.75
EUI64-D0CF5EFFFE792EB7-3-Motion,2019-12-11 16:30:00,0
EUI64-D0CF5EFFFE792EB7-3-Motion,2019-12-11 16:31:00,0.8166666666666667
EUI64-D0CF5EFFFE792EB7-3-Motion,2019-12-11 16:32:00,1
EUI64-D0CF5EFFFE792EB7-3-Motion,2019-12-11 16:33:00,1
EUI64-D0CF5EFFFE792EB7-3-Motion,2019-12-11 16:34:00,1
EUI64-D0CF5EFFFE792EB7-3-Motion,2019-12-11 16:35:00,1
EUI64-D0CF5EFFFE792EB7-3-Motion,2019-12-11 16:36:00,1
EUI64-D0CF5EFFFE792EB7-3-Motion,2019-12-11 16:37:00,1
EUI64-D0CF5EFFFE792EB7-3-Motion,2019-12-11 16:38:00,1
EUI64-D0CF5EFFFE792EB7-3-Motion,2019-12-11 16:39:00,1
EUI64-D0CF5EFFFE792EB7-3-Motion,2019-12-11 16:40:00,1
EUI64-D0CF5EFFFE792EB7-3-Motion,2019-12-11 16:41:00,1
EUI64-D0CF5EFFFE792EB7-3-Motion,2019-12-11 16:42:00,1
EUI64-D0CF5EFFFE792EB7-3-Motion,2019-12-11 16:43:00,1
EUI64-D0CF5EFFFE792EB7-3-Motion,2019-12-11 16:44:00,1
EUI64-D0CF5EFFFE792EB7-3-Motion,2019-12-11 16:45:00,1
EUI64-D0CF5EFFFE792EB7-3-Motion,2019-12-11 16:46:00,1
EUI64-D0CF5EFFFE792EB7-3-Motion,2019-12-11 16:47:00,1
EUI64-D0CF5EFFFE792EB7-3-Motion,2019-12-11 16:48:00,1
EUI64-D0CF5EFFFE792EB7-3-Motion,2019-12-11 16:49:00,1
EUI64-D0CF5EFFFE792EB7-3-Motion,2019-12-11 16:50:00,1
EUI64-D0CF5EFFFE792EB7-3-Motion,2019-12-11 16:51:00,1
EUI64-D0CF5EFFFE792EB7-3-Motion,2019-12-11 16:52:00,1
EUI64-D0CF5EFFFE792EB7-3-Motion,2019-12-11 16:53:00,1
EUI64-D0CF5EFFFE792EB7-3-Motion,2019-12-11 16:54:00,1
EUI64-D0CF5EFFFE792EB7-3-Motion,2019-12-11 16:55:00,1
EUI64-D0CF5EFFFE792EB7-3-Motion,2019-12-11 16:56:00,1
EUI64-D0CF5EFFFE792EB7-3-Motion,2019-12-11 16:57:00,1
EUI64-D0CF5EFFFE792EB7-3-Motion,2019-12-11 16:58:00,1
EUI64-D0CF5EFFFE792EB7-3-Motion,2019-12-11 16:59:00,0.7333333333333334
UUID-76A8F6B471754AB5A428D7DC166E04C0,2019-12-11 15:04:00,0.8166666666666667
UUID-76A8F6B471754AB5A428D7DC166E04C0,2019-12-11 15:05:00,1
UUID-76A8F6B471754AB5A428D7DC166E04C0,2019-12-11 15:06:00,1
UUID-76A8F6B471754AB5A428D7DC166E04C0,2019-12-11 15:07:00,1
UUID-76A8F6B471754AB5A428D7DC166E04C0,2019-12-11 15:08:00,1
UUID-76A8F6B471754AB5A428D7DC166E04C0,2019-12-11 15:09:00,1
UUID-76A8F6B471754AB5A428D7DC166E04C0,2019-12-11 15:10:00,0.05
EUI64-D0CF5EFFFE7B27AF-3-Motion,2019-12-11 15:00:00,0.8166666666666667
EUI64-D0CF5EFFFE7B27AF-3-Motion,2019-12-11 15:01:00,0.16666666666666666
EUI64-D0CF5EFFFE7B27AF-3-Motion,2019-12-11 15:02:00,0
EUI64-D0CF5EFFFE7B27AF-3-Motion,2019-12-11 15:03:00,0
EUI64-D0CF5EFFFE7B27AF-3-Motion,2019-12-11 15:04:00,0.8166666666666667
EUI64-D0CF5EFFFE7B27AF-3-Motion,2019-12-11 15:05:00,0.16666666666666666
EUI64-D0CF5EFFFE7B27AF-3-Motion,2019-12-11 15:06:00,0
EUI64-D0CF5EFFFE7B27AF-3-Motion,2019-12-11 15:07:00,0
EUI64-D0CF5EFFFE7B27AF-3-Motion,2019-12-11 15:08:00,0
EUI64-D0CF5EFFFE7B27AF-3-Motion,2019-12-11 15:09:00,0
EUI64-D0CF5EFFFE7B27AF-3-Motion,2019-12-11 15:10:00,0
EUI64-D0CF5EFFFE7B27AF-3-Motion,2019-12-11 15:11:00,0
EUI64-D0CF5EFFFE7B27AF-3-Motion,2019-12-11 15:12:00,0
EUI64-D0CF5EFFFE7B27AF-3-Motion,2019-12-11 15:13:00,0
EUI64-D0CF5EFFFE7B27AF-3-Motion,2019-12-11 15:14:00,0
EUI64-D0CF5EFFFE7B27AF-3-Motion,2019-12-11 15:15:00,0
EUI64-D0CF5EFFFE7B27AF-3-Motion,2019-12-11 15:16:00,0
EUI64-D0CF5EFFFE7B27AF-3-Motion,2019-12-11 15:17:00,0
EUI64-D0CF5EFFFE7B27AF-3-Motion,2019-12-11 15:18:00,0
EUI64-D0CF5EFFFE7B27AF-3-Motion,2019-12-11 15:19:00,0
EUI64-D0CF5EFFFE7B27AF-3-Motion,2019-12-11 15:20:00,0
EUI64-D0CF5EFFFE7B27AF-3-Motion,2019-12-11 15:21:00,0
EUI64-D0CF5EFFFE7B27AF-3-Motion,2019-12-11 15:22:00,0
EUI64-D0CF5EFFFE7B27AF-3-Motion,2019-12-11 15:23:00,0
EUI64-D0CF5EFFFE7B27AF-3-Motion,2019-12-11 15:24:00,0
EUI64-D0CF5EFFFE7B27AF-3-Motion,2019-12-11 15:25:00,0
EUI64-D0CF5EFFFE7B27AF-3-Motion,2019-12-11 15:26:00,0
EUI64-D0CF5EFFFE7B27AF-3-Motion,2019-12-11 15:27:00,0
EUI64-D0CF5EFFFE7B27AF-3-Motion,2019-12-11 15:28:00,0
EUI64-D0CF5EFFFE7B27AF-3-Motion,2019-12-11 15:29:00,0
EUI64-D0CF5EFFFE7B27AF-3-Motion,2019-12-11 15:30:00,0
EUI64-D0CF5EFFFE7B27AF-3-Motion,2019-12-11 15:31:00,0
EUI64-D0CF5EFFFE7B27AF-3-Motion,2019-12-11 15:32:00,0
EUI64-D0CF5EFFFE7B27AF-3-Motion,2019-12-11 15:33:00,0
EUI64-D0CF5EFFFE7B27AF-3-Motion,2019-12-11 15:34:00,0
EUI64-D0CF5EFFFE7B27AF-3-Motion,2019-12-11 15:35:00,0
EUI64-D0CF5EFFFE7B27AF-3-Motion,2019-12-11 15:36:00,0
EUI64-D0CF5EFFFE7B27AF-3-Motion,2019-12-11 15:37:00,0
EUI64-D0CF5EFFFE7B27AF-3-Motion,2019-12-11 15:38:00,0
EUI64-D0CF5EFFFE7B27AF-3-Motion,2019-12-11 15:39:00,0
EUI64-D0CF5EFFFE7B27AF-3-Motion,2019-12-11 15:40:00,0
EUI64-D0CF5EFFFE7B27AF-3-Motion,2019-12-11 15:41:00,0
EUI64-D0CF5EFFFE7B27AF-3-Motion,2019-12-11 15:42:00,0
EUI64-D0CF5EFFFE7B27AF-3-Motion,2019-12-11 15:43:00,0
EUI64-D0CF5EFFFE7B27AF-3-Motion,2019-12-11 15:44:00,0
EUI64-D0CF5EFFFE7B27AF-3-Motion,2019-12-11 15:45:00,0
EUI64-D0CF5EFFFE7B27AF-3-Motion,2019-12-11 15:46:00,0
EUI64-D0CF5EFFFE7B27AF-3-Motion,2019-12-11 15:47:00,0
EUI64-D0CF5EFFFE7B27AF-3-Motion,2019-12-11 15:48:00,0
EUI64-D0CF5EFFFE7B27AF-3-Motion,2019-12-11 15:49:00,0
EUI64-D0CF5EFFFE7B27AF-3-Motion,2019-12-11 15:50:00,0
EUI64-D0CF5EFFFE7B27AF-3-Motion,2019-12-11 15:51:00,0
EUI64-D0CF5EFFFE7B27AF-3-Motion,2019-12-11 15:52:00,0
EUI64-D0CF5EFFFE7B27AF-3-Motion,2019-12-11 15:53:00,0
EUI64-D0CF5EFFFE7B27AF-3-Motion,2019-12-11 15:54:00,0
EUI64-D0CF5EFFFE7B27AF-3-Motion,2019-12-11 15:55:00,0
EUI64-D0CF5EFFFE7B27AF-3-Motion,2019-12-11 15:56:00,0
EUI64-D0CF5EFFFE7B27AF-3-Motion,2019-12-11 15:57:00,0
EUI64-D0CF5EFFFE7B27AF-3-Motion,2019-12-11 15:58:00,0
EUI64-D0CF5EFFFE7B27AF-3-Motion,2019-12-11 15:59:00,0
EUI64-D0CF5EFFFE7B27AF-3-Motion,2019-12-11 16:00:00,0
EUI64-D0CF5EFFFE7B27AF-3-Motion,2019-12-11 16:01:00,0
EUI64-D0CF5EFFFE7B27AF-3-Motion,2019-12-11 16:02:00,0
EUI64-D0CF5EFFFE7B27AF-3-Motion,2019-12-11 16:03:00,0
EUI64-D0CF5EFFFE7B27AF-3-Motion,2019-12-11 16:04:00,0
EUI64-D0CF5EFFFE7B27AF-3-Motion,2019-12-11 16:05:00,0
EUI64-D0CF5EFFFE7B27AF-3-Motion,2019-12-11 16:06:00,0
EUI64-D0CF5EFFFE7B27AF-3-Motion,2019-12-11 16:07:00,0
EUI64-D0CF5EFFFE7B27AF-3-Motion,2019-12-11 16:08:00,0
EUI64-D0CF5EFFFE7B27AF-3-Motion,2019-12-11 16:09:00,0
EUI64-D0CF5EFFFE7B27AF-3-Motion,2019-12-11 16:10:00,0
EUI64-D0CF5EFFFE7B27AF-3-Motion,2019-12-11 16:11:00,0
EUI64-D0CF5EFFFE7B27AF-3-Motion,2019-12-11 16:12:00,0
EUI64-D0CF5EFFFE7B27AF-3-Motion,2019-12-11 16:13:00,0
EUI64-D0CF5EFFFE7B27AF-3-Motion,2019-12-11 16:14:00,0
EUI64-D0CF5EFFFE7B27AF-3-Motion,2019-12-11 16:15:00,0
EUI64-D0CF5EFFFE7B27AF-3-Motion,2019-12-11 16:16:00,0
EUI64-D0CF5EFFFE7B27AF-3-Motion,2019-12-11 16:17:00,0
EUI64-D0CF5EFFFE7B27AF-3-Motion,2019-12-11 16:18:00,0
EUI64-D0CF5EFFFE7B27AF-3-Motion,2019-12-11 16:19:00,0
EUI64-D0CF5EFFFE7B27AF-3-Motion,2019-12-11 16:20:00,0
EUI64-D0CF5EFFFE7B27AF-3-Motion,2019-12-11 16:21:00,0
EUI64-D0CF5EFFFE7B27AF-3-Motion,2019-12-11 16:22:00,0
EUI64-D0CF5EFFFE7B27AF-3-Motion,2019-12-11 16:23:00,0
EUI64-D0CF5EFFFE7B27AF-3-Motion,2019-12-11 16:24:00,0
EUI64-D0CF5EFFFE7B27AF-3-Motion,2019-12-11 16:25:00,0
EUI64-D0CF5EFFFE7B27AF-3-Motion,2019-12-11 16:26:00,0
EUI64-D0CF5EFFFE7B27AF-3-Motion,2019-12-11 16:27:00,0
EUI64-D0CF5EFFFE7B27AF-3-Motion,2019-12-11 16:28:00,0
EUI64-D0CF5EFFFE7B27AF-3-Motion,2019-12-11 16:29:00,0
EUI64-D0CF5EFFFE7B27AF-3-Motion,2019-12-11 16:30:00,0
EUI64-D0CF5EFFFE7B27AF-3-Motion,2019-12-11 16:31:00,0
EUI64-D0CF5EFFFE7B27AF-3-Motion,2019-12-11 16:32:00,0
EUI64-D0CF5EFFFE7B27AF-3-Motion,2019-12-11 16:33:00,0
EUI64-D0CF5EFFFE7B27AF-3-Motion,2019-12-11 16:34:00,0
EUI64-D0CF5EFFFE7B27AF-3-Motion,2019-12-11 16:35:00,0
EUI64-D0CF5EFFFE7B27AF-3-Motion,2019-12-11 16:36:00,0
EUI64-D0CF5EFFFE7B27AF-3-Motion,2019-12-11 16:37:00,0
EUI64-D0CF5EFFFE7B27AF-3-Motion,2019-12-11 16:38:00,0
EUI64-D0CF5EFFFE7B27AF-3-Motion,2019-12-11 16:39:00,0
EUI64-D0CF5EFFFE7B27AF-3-Motion,2019-12-11 16:40:00,0
EUI64-D0CF5EFFFE7B27AF-3-Motion,2019-12-11 16:41:00,0
EUI64-D0CF5EFFFE7B27AF-3-Motion,2019-12-11 16:42:00,0
EUI64-D0CF5EFFFE7B27AF-3-Motion,2019-12-11 16:43:00,0
EUI64-D0CF5EFFFE7B27AF-3-Motion,2019-12-11 16:44:00,0
EUI64-D0CF5EFFFE7B27AF-3-Motion,2019-12-11 16:45:00,0
EUI64-D0CF5EFFFE7B27AF-3-Motion,2019-12-11 16:46:00,0
EUI64-D0CF5EFFFE7B27AF-3-Motion,2019-12-11 16:47:00,0
EUI64-D0CF5EFFFE7B27AF-3-Motion,2019-12-11 16:48:00,0
EUI64-D0CF5EFFFE7B27AF-3-Motion,2019-12-11 16:49:00,0
EUI64-D0CF5EFFFE7B27AF-3-Motion,2019-12-11 16:50:00,0
EUI64-D0CF5EFFFE7B27AF-3-Motion,2019-12-11 16:51:00,0
EUI64-D0CF5EFFFE7B27AF-3-Motion,2019-12-11 16:52:00,0
EUI64-D0CF5EFFFE7B27AF-3-Motion,2019-12-11 16:53:00,0
EUI64-D0CF5EFFFE7B27AF-3-Motion,2019-12-11 16:54:00,0
EUI64-D0CF5EFFFE7B27AF-3-Motion,2019-12-11 16:55:00,0
EUI64-D0CF5EFFFE7B27AF-3-Motion,2019-12-11 16:56:00,0
EUI64-D0CF5EFFFE7B27AF-3-Motion,2019-12-11 16:57:00,0
EUI64-D0CF5EFFFE7B27AF-3-Motion,2019-12-11 16:58:00,0
EUI64-D0CF5EFFFE7B27AF-3-Motion,2019-12-11 16:59:00,0
EUI64-90FD9FFFFEA938C6-3-Motion,2019-12-11 15:00:00,0.7166666666666667
EUI64-90FD9FFFFEA938C6-3-Motion,2019-12-11 15:01:00,0.2833333333333333
EUI64-90FD9FFFFEA938C6-3-Motion,2019-12-11 15:02:00,0
EUI64-90FD9FFFFEA938C6-3-Motion,2019-12-11 15:03:00,0
EUI64-90FD9FFFFEA938C6-3-Motion,2019-12-11 15:04:00,0
EUI64-90FD9FFFFEA938C6-3-Motion,2019-12-11 15:05:00,0
EUI64-90FD9FFFFEA938C6-3-Motion,2019-12-11 15:06:00,0
EUI64-90FD9FFFFEA938C6-3-Motion,2019-12-11 15:07:00,0
EUI64-90FD9FFFFEA938C6-3-Motion,2019-12-11 15:08:00,0
EUI64-90FD9FFFFEA938C6-3-Motion,2019-12-11 15:09:00,0
EUI64-90FD9FFFFEA938C6-3-Motion,2019-12-11 15:10:00,0
EUI64-90FD9FFFFEA938C6-3-Motion,2019-12-11 15:11:00,0
EUI64-90FD9FFFFEA938C6-3-Motion,2019-12-11 15:12:00,0
EUI64-90FD9FFFFEA938C6-3-Motion,2019-12-11 15:13:00,0
EUI64-90FD9FFFFEA938C6-3-Motion,2019-12-11 15:14:00,0
EUI64-90FD9FFFFEA938C6-3-Motion,2019-12-11 15:15:00,0
EUI64-90FD9FFFFEA938C6-3-Motion,2019-12-11 15:16:00,0
EUI64-90FD9FFFFEA938C6-3-Motion,2019-12-11 15:17:00,0
EUI64-90FD9FFFFEA938C6-3-Motion,2019-12-11 15:18:00,0
EUI64-90FD9FFFFEA938C6-3-Motion,2019-12-11 15:19:00,0
EUI64-90FD9FFFFEA938C6-3-Motion,2019-12-11 15:20:00,0
EUI64-90FD9FFFFEA938C6-3-Motion,2019-12-11 15:21:00,0
EUI64-90FD9FFFFEA938C6-3-Motion,2019-12-11 15:22:00,0
EUI64-90FD9FFFFEA938C6-3-Motion,2019-12-11 15:23:00,0
EUI64-90FD9FFFFEA938C6-3-Motion,2019-12-11 15:24:00,0
EUI64-90FD9FFFFEA938C6-3-Motion,2019-12-11 15:25:00,0
EUI64-90FD9FFFFEA938C6-3-Motion,2019-12-11 15:26:00,0
EUI64-90FD9FFFFEA938C6-3-Motion,2019-12-11 15:27:00,0
EUI64-90FD9FFFFEA938C6-3-Motion,2019-12-11 15:28:00,0
EUI64-90FD9FFFFEA938C6-3-Motion,2019-12-11 15:29:00,0
EUI64-90FD9FFFFEA938C6-3-Motion,2019-12-11 15:30:00,0
EUI64-90FD9FFFFEA938C6-3-Motion,2019-12-11 15:31:00,0
EUI64-90FD9FFFFEA938C6-3-Motion,2019-12-11 15:32:00,0
EUI64-90FD9FFFFEA938C6-3-Motion,2019-12-11 15:33:00,0
EUI64-90FD9FFFFEA938C6-3-Motion,2019-12-11 15:34:00,0
EUI64-90FD9FFFFEA938C6-3-Motion,2019-12-11 15:35:00,0
EUI64-90FD9FFFFEA938C6-3-Motion,2019-12-11 15:36:00,0
EUI64-90FD9FFFFEA938C6-3-Motion,2019-12-11 15:37:00,0
EUI64-90FD9FFFFEA938C6-3-Motion,2019-12-11 15:38:00,0
EUI64-90FD9FFFFEA938C6-3-Motion,2019-12-11 15:39:00,0
EUI64-90FD9FFFFEA938C6-3-Motion,2019-12-11 15:40:00,0
EUI64-90FD9FFFFEA938C6-3-Motion,2019-12-11 15:41:00,0
EUI64-90FD9FFFFEA938C6-3-Motion,2019-12-11 15:42:00,0
EUI64-90FD9FFFFEA938C6-3-Motion,2019-12-11 15:43:00,0
EUI64-90FD9FFFFEA938C6-3-Motion,2019-12-11 15:44:00,0
EUI64-90FD9FFFFEA938C6-3-Motion,2019-12-11 15:45:00,0
EUI64-90FD9FFFFEA938C6-3-Motion,2019-12-11 15:46:00,0
EUI64-90FD9FFFFEA938C6-3-Motion,2019-12-11 15:47:00,0
EUI64-90FD9FFFFEA938C6-3-Motion,2019-12-11 15:48:00,0
EUI64-90FD9FFFFEA938C6-3-Motion,2019-12-11 15:49:00,0
EUI64-90FD9FFFFEA938C6-3-Motion,2019-12-11 15:50:00,0
EUI64-90FD9FFFFEA938C6-3-Motion,2019-12-11 15:51:00,0
EUI64-90FD9FFFFEA938C6-3-Motion,2019-12-11 15:52:00,0
EUI64-90FD9FFFFEA938C6-3-Motion,2019-12-11 15:53:00,0
EUI64-90FD9FFFFEA938C6-3-Motion,2019-12-11 15:54:00,0
EUI64-90FD9FFFFEA938C6-3-Motion,2019-12-11 15:55:00,0
EUI64-90FD9FFFFEA938C6-3-Motion,2019-12-11 15:56:00,0
EUI64-90FD9FFFFEA938C6-3-Motion,2019-12-11 15:57:00,0
EUI64-90FD9FFFFEA938C6-3-Motion,2019-12-11 15:58:00,0
EUI64-90FD9FFFFEA938C6-3-Motion,2019-12-11 15:59:00,0
EUI64-90FD9FFFFEA938C6-3-Motion,2019-12-11 16:00:00,0
EUI64-90FD9FFFFEA938C6-3-Motion,2019-12-11 16:01:00,0
EUI64-90FD9FFFFEA938C6-3-Motion,2019-12-11 16:02:00,0
EUI64-90FD9FFFFEA938C6-3-Motion,2019-12-11 16:03:00,0
EUI64-90FD9FFFFEA938C6-3-Motion,2019-12-11 16:04:00,0
EUI64-90FD9FFFFEA938C6-3-Motion,2019-12-11 16:05:00,0
EUI64-90FD9FFFFEA938C6-3-Motion,2019-12-11 16:06:00,0
EUI64-90FD9FFFFEA938C6-3-Motion,2019-12-11 16:07:00,0
EUI64-90FD9FFFFEA938C6-3-Motion,2019-12-11 16:08:00,0
EUI64-90FD9FFFFEA938C6-3-Motion,2019-12-11 16:09:00,0.25
EUI64-90FD9FFFFEA938C6-3-Motion,2019-12-11 16:10:00,1
EUI64-90FD9FFFFEA938C6-3-Motion,2019-12-11 16:11:00,0.16666666666666666
EUI64-90FD9FFFFEA938C6-3-Motion,2019-12-11 16:12:00,0
EUI64-90FD9FFFFEA938C6-3-Motion,2019-12-11 16:13:00,0
EUI64-90FD9FFFFEA938C6-3-Motion,2019-12-11 16:14:00,0
EUI64-90FD9FFFFEA938C6-3-Motion,2019-12-11 16:15:00,0
EUI64-90FD9FFFFEA938C6-3-Motion,2019-12-11 16:16:00,0
EUI64-90FD9FFFFEA938C6-3-Motion,2019-12-11 16:17:00,0
EUI64-90FD9FFFFEA938C6-3-Motion,2019-12-11 16:18:00,0
EUI64-90FD9FFFFEA938C6-3-Motion,2019-12-11 16:19:00,0
EUI64-90FD9FFFFEA938C6-3-Motion,2019-12-11 16:20:00,0
EUI64-90FD9FFFFEA938C6-3-Motion,2019-12-11 16:21:00,0
EUI64-90FD9FFFFEA938C6-3-Motion,2019-12-11 16:22:00,0
EUI64-90FD9FFFFEA938C6-3-Motion,2019-12-11 16:23:00,0
EUI64-90FD9FFFFEA938C6-3-Motion,2019-12-11 16:24:00,0
EUI64-90FD9FFFFEA938C6-3-Motion,2019-12-11 16:25:00,0
EUI64-90FD9FFFFEA938C6-3-Motion,2019-12-11 16:26:00,0
EUI64-90FD9FFFFEA938C6-3-Motion,2019-12-11 16:27:00,0
EUI64-90FD9FFFFEA938C6-3-Motion,2019-12-11 16:28:00,0
EUI64-90FD9FFFFEA938C6-3-Motion,2019-12-11 16:29:00,0
EUI64-90FD9FFFFEA938C6-3-Motion,2019-12-11 16:30:00,0
EUI64-90FD9FFFFEA938C6-3-Motion,2019-12-11 16:31:00,0
EUI64-90FD9FFFFEA938C6-3-Motion,2019-12-11 16:32:00,0
EUI64-90FD9FFFFEA938C6-3-Motion,2019-12-11 16:33:00,0
EUI64-90FD9FFFFEA938C6-3-Motion,2019-12-11 16:34:00,0
EUI64-90FD9FFFFEA938C6-3-Motion,2019-12-11 16:35:00,0
EUI64-90FD9FFFFEA938C6-3-Motion,2019-12-11 16:36:00,0
EUI64-90FD9FFFFEA938C6-3-Motion,2019-12-11 16:37:00,0
EUI64-90FD9FFFFEA938C6-3-Motion,2019-12-11 16:38:00,0
EUI64-90FD9FFFFEA938C6-3-Motion,2019-12-11 16:39:00,0
EUI64-90FD9FFFFEA938C6-3-Motion,2019-12-11 16:40:00,0
EUI64-90FD9FFFFEA938C6-3-Motion,2019-12-11 16:41:00,0
EUI64-90FD9FFFFEA938C6-3-Motion,2019-12-11 16:42:00,0
EUI64-90FD9FFFFEA938C6-3-Motion,2019-12-11 16:43:00,0
EUI64-90FD9FFFFEA938C6-3-Motion,2019-12-11 16:44:00,0
EUI64-90FD9FFFFEA938C6-3-Motion,2019-12-11 16:45:00,0
EUI64-90FD9FFFFEA938C6-3-Motion,2019-12-11 16:46:00,0
EUI64-90FD9FFFFEA938C6-3-Motion,2019-12-11 16:47:00,0
EUI64-90FD9FFFFEA938C6-3-Motion,2019-12-11 16:48:00,0
EUI64-90FD9FFFFEA938C6-3-Motion,2019-12-11 16:49:00,0
EUI64-90FD9FFFFEA938C6-3-Motion,2019-12-11 16:50:00,0
EUI64-90FD9FFFFEA938C6-3-Motion,2019-12-11 16:51:00,0
EUI64-90FD9FFFFEA938C6-3-Motion,2019-12-11 16:52:00,0
EUI64-90FD9FFFFEA938C6-3-Motion,2019-12-11 16:53:00,0
EUI64-90FD9FFFFEA938C6-3-Motion,2019-12-11 16:54:00,0
EUI64-90FD9FFFFEA938C6-3-Motion,2019-12-11 16:55:00,0
EUI64-90FD9FFFFEA938C6-3-Motion,2019-12-11 16:56:00,0
EUI64-90FD9FFFFEA938C6-3-Motion,2019-12-11 16:57:00,0
EUI64-90FD9FFFFEA938C6-3-Motion,2019-12-11 16:58:00,0
EUI64-90FD9FFFFEA938C6-3-Motion,2019-12-11 16:59:00,0
EUI64-0080E10300024790-4-Motion,2019-12-11 15:00:00,0.25
EUI64-0080E10300024790-4-Motion,2019-12-11 15:01:00,0.7666666666666667
EUI64-0080E10300024790-4-Motion,2019-12-11 15:02:00,0
EUI64-0080E10300024790-4-Motion,2019-12-11 15:03:00,0
EUI64-0080E10300024790-4-Motion,2019-12-11 15:04:00,0
EUI64-0080E10300024790-4-Motion,2019-12-11 15:05:00,0
EUI64-0080E10300024790-4-Motion,2019-12-11 15:06:00,0
EUI64-0080E10300024790-4-Motion,2019-12-11 15:07:00,0
EUI64-0080E10300024790-4-Motion,2019-12-11 15:08:00,0
EUI64-0080E10300024790-4-Motion,2019-12-11 15:09:00,0
EUI64-0080E10300024790-4-Motion,2019-12-11 15:10:00,0
EUI64-0080E10300024790-4-Motion,2019-12-11 15:11:00,0
EUI64-0080E10300024790-4-Motion,2019-12-11 15:12:00,0
EUI64-0080E10300024790-4-Motion,2019-12-11 15:13:00,0
EUI64-0080E10300024790-4-Motion,2019-12-11 15:14:00,0
EUI64-0080E10300024790-4-Motion,2019-12-11 15:15:00,0
EUI64-0080E10300024790-4-Motion,2019-12-11 15:16:00,0
EUI64-0080E10300024790-4-Motion,2019-12-11 15:17:00,0
EUI64-0080E10300024790-4-Motion,2019-12-11 15:18:00,0
EUI64-0080E10300024790-4-Motion,2019-12-11 15:19:00,0
EUI64-0080E10300024790-4-Motion,2019-12-11 15:20:00,0
EUI64-0080E10300024790-4-Motion,2019-12-11 15:21:00,0
EUI64-0080E10300024790-4-Motion,2019-12-11 15:22:00,0
EUI64-0080E10300024790-4-Motion,2019-12-11 15:23:00,0
EUI64-0080E10300024790-4-Motion,2019-12-11 15:24:00,0
EUI64-0080E10300024790-4-Motion,2019-12-11 15:25:00,0
EUI64-0080E10300024790-4-Motion,2019-12-11 15:26:00,0
EUI64-0080E10300024790-4-Motion,2019-12-11 15:27:00,0
EUI64-0080E10300024790-4-Motion,2019-12-11 15:28:00,0
EUI64-0080E10300024790-4-Motion,2019-12-11 15:29:00,0
EUI64-0080E10300024790-4-Motion,2019-12-11 15:30:00,0
EUI64-0080E10300024790-4-Motion,2019-12-11 15:31:00,0
EUI64-0080E10300024790-4-Motion,2019-12-11 15:32:00,0
EUI64-0080E10300024790-4-Motion,2019-12-11 15:33:00,0
EUI64-0080E10300024790-4-Motion,2019-12-11 15:34:00,0
EUI64-0080E10300024790-4-Motion,2019-12-11 15:35:00,0
EUI64-0080E10300024790-4-Motion,2019-12-11 15:36:00,0
EUI64-0080E10300024790-4-Motion,2019-12-11 15:37:00,0
EUI64-0080E10300024790-4-Motion,2019-12-11 15:38:00,0
EUI64-0080E10300024790-4-Motion,2019-12-11 15:39:00,0
EUI64-0080E10300024790-4-Motion,2019-12-11 15:40:00,0
EUI64-0080E10300024790-4-Motion,2019-12-11 15:41:00,0
EUI64-0080E10300024790-4-Motion,2019-12-11 15:42:00,0
EUI64-0080E10300024790-4-Motion,2019-12-11 15:43:00,0
EUI64-0080E10300024790-4-Motion,2019-12-11 15:44:00,0
EUI64-0080E10300024790-4-Motion,2019-12-11 15:45:00,0
EUI64-0080E10300024790-4-Motion,2019-12-11 15:46:00,0
EUI64-0080E10300024790-4-Motion,2019-12-11 15:47:00,0
EUI64-0080E10300024790-4-Motion,2019-12-11 15:48:00,0
EUI64-0080E10300024790-4-Motion,2019-12-11 15:49:00,0
EUI64-0080E10300024790-4-Motion,2019-12-11 15:50:00,0
EUI64-0080E10300024790-4-Motion,2019-12-11 15:51:00,0
EUI64-0080E10300024790-4-Motion,2019-12-11 15:52:00,0
EUI64-0080E10300024790-4-Motion,2019-12-11 15:53:00,0
EUI64-0080E10300024790-4-Motion,2019-12-11 15:54:00,0
EUI64-0080E10300024790-4-Motion,2019-12-11 15:55:00,0
EUI64-0080E10300024790-4-Motion,2019-12-11 15:56:00,0
EUI64-0080E10300024790-4-Motion,2019-12-11 15:57:00,0
EUI64-0080E10300024790-4-Motion,2019-12-11 15:58:00,0
EUI64-0080E10300024790-4-Motion,2019-12-11 15:59:00,0
EUI64-0080E10300024790-4-Motion,2019-12-11 16:00:00,0
EUI64-0080E10300024790-4-Motion,2019-12-11 16:01:00,0
EUI64-0080E10300024790-4-Motion,2019-12-11 16:02:00,0
EUI64-0080E10300024790-4-Motion,2019-12-11 16:03:00,0
EUI64-0080E10300024790-4-Motion,2019-12-11 16:04:00,0
EUI64-0080E10300024790-4-Motion,2019-12-11 16:05:00,0
EUI64-0080E10300024790-4-Motion,2019-12-11 16:06:00,0
EUI64-0080E10300024790-4-Motion,2019-12-11 16:07:00,0
EUI64-0080E10300024790-4-Motion,2019-12-11 16:08:00,0
EUI64-0080E10300024790-4-Motion,2019-12-11 16:09:00,0
EUI64-0080E10300024790-4-Motion,2019-12-11 16:10:00,0
EUI64-0080E10300024790-4-Motion,2019-12-11 16:11:00,0
EUI64-0080E10300024790-4-Motion,2019-12-11 16:12:00,0
EUI64-0080E10300024790-4-Motion,2019-12-11 16:13:00,0
EUI64-0080E10300024790-4-Motion,2019-12-11 16:14:00,0
EUI64-0080E10300024790-4-Motion,2019-12-11 16:15:00,0
EUI64-0080E10300024790-4-Motion,2019-12-11 16:16:00,0
EUI64-0080E10300024790-4-Motion,2019-12-11 16:17:00,0
EUI64-0080E10300024790-4-Motion,2019-12-11 16:18:00,0
EUI64-0080E10300024790-4-Motion,2019-12-11 16:19:00,0
EUI64-0080E10300024790-4-Motion,2019-12-11 16:20:00,0
EUI64-0080E10300024790-4-Motion,2019-12-11 16:21:00,0
EUI64-0080E10300024790-4-Motion,2019-12-11 16:22:00,0
EUI64-0080E10300024790-4-Motion,2019-12-11 16:23:00,0
EUI64-0080E10300024790-4-Motion,2019-12-11 16:24:00,0
EUI64-0080E10300024790-4-Motion,2019-12-11 16:25:00,0
EUI64-0080E10300024790-4-Motion,2019-12-11 16:26:00,0
EUI64-0080E10300024790-4-Motion,2019-12-11 16:27:00,0
EUI64-0080E10300024790-4-Motion,2019-12-11 16:28:00,0
EUI64-0080E10300024790-4-Motion,2019-12-11 16:29:00,0
EUI64-0080E10300024790-4-Motion,2019-12-11 16:30:00,0
EUI64-0080E10300024790-4-Motion,2019-12-11 16:31:00,0
EUI64-0080E10300024790-4-Motion,2019-12-11 16:32:00,0
EUI64-0080E10300024790-4-Motion,2019-12-11 16:33:00,0
EUI64-0080E10300024790-4-Motion,2019-12-11 16:34:00,0
EUI64-0080E10300024790-4-Motion,2019-12-11 16:35:00,0
EUI64-0080E10300024790-4-Motion,2019-12-11 16:36:00,0
EUI64-0080E10300024790-4-Motion,2019-12-11 16:37:00,0
EUI64-0080E10300024790-4-Motion,2019-12-11 16:38:00,0
EUI64-0080E10300024790-4-Motion,2019-12-11 16:39:00,0
EUI64-0080E10300024790-4-Motion,2019-12-11 16:40:00,0
EUI64-0080E10300024790-4-Motion,2019-12-11 16:41:00,0
EUI64-0080E10300024790-4-Motion,2019-12-11 16:42:00,0
EUI64-0080E10300024790-4-Motion,2019-12-11 16:43:00,0
EUI64-0080E10300024790-4-Motion,2019-12-11 16:44:00,0
EUI64-0080E10300024790-4-Motion,2019-12-11 16:45:00,0
EUI64-0080E10300024790-4-Motion,2019-12-11 16:46:00,0
EUI64-0080E10300024790-4-Motion,2019-12-11 16:47:00,0
EUI64-0080E10300024790-4-Motion,2019-12-11 16:48:00,0
EUI64-0080E10300024790-4-Motion,2019-12-11 16:49:00,0
EUI64-0080E10300024790-4-Motion,2019-12-11 16:50:00,0
EUI64-0080E10300024790-4-Motion,2019-12-11 16:51:00,0
EUI64-0080E10300024790-4-Motion,2019-12-11 16:52:00,0
EUI64-0080E10300024790-4-Motion,2019-12-11 16:53:00,0
EUI64-0080E10300024790-4-Motion,2019-12-11 16:54:00,0
EUI64-0080E10300024790-4-Motion,2019-12-11 16:55:00,0
EUI64-0080E10300024790-4-Motion,2019-12-11 16:56:00,0
EUI64-0080E10300024790-4-Motion,2019-12-11 16:57:00,0
EUI64-0080E10300024790-4-Motion,2019-12-11 16:58:00,0
EUI64-0080E10300024790-4-Motion,2019-12-11 16:59:00,0
EUI64-90FD9FFFFEA782E0-3-Motion,2019-12-11 15:00:00,0.05
EUI64-90FD9FFFFEA782E0-3-Motion,2019-12-11 15:01:00,0.95
EUI64-90FD9FFFFEA782E0-3-Motion,2019-12-11 15:02:00,0
EUI64-90FD9FFFFEA782E0-3-Motion,2019-12-11 15:03:00,0
EUI64-90FD9FFFFEA782E0-3-Motion,2019-12-11 15:04:00,0
EUI64-90FD9FFFFEA782E0-3-Motion,2019-12-11 15:05:00,0
EUI64-90FD9FFFFEA782E0-3-Motion,2019-12-11 15:06:00,0
EUI64-90FD9FFFFEA782E0-3-Motion,2019-12-11 15:07:00,0
EUI64-90FD9FFFFEA782E0-3-Motion,2019-12-11 15:08:00,0
EUI64-90FD9FFFFEA782E0-3-Motion,2019-12-11 15:09:00,0
EUI64-90FD9FFFFEA782E0-3-Motion,2019-12-11 15:10:00,0
EUI64-90FD9FFFFEA782E0-3-Motion,2019-12-11 15:11:00,0
EUI64-90FD9FFFFEA782E0-3-Motion,2019-12-11 15:12:00,0
EUI64-90FD9FFFFEA782E0-3-Motion,2019-12-11 15:13:00,0
EUI64-90FD9FFFFEA782E0-3-Motion,2019-12-11 15:14:00,0
EUI64-90FD9FFFFEA782E0-3-Motion,2019-12-11 15:15:00,0
EUI64-90FD9FFFFEA782E0-3-Motion,2019-12-11 15:16:00,0
EUI64-90FD9FFFFEA782E0-3-Motion,2019-12-11 15:17:00,0
EUI64-90FD9FFFFEA782E0-3-Motion,2019-12-11 15:18:00,0
EUI64-90FD9FFFFEA782E0-3-Motion,2019-12-11 15:19:00,0
EUI64-90FD9FFFFEA782E0-3-Motion,2019-12-11 15:20:00,0
EUI64-90FD9FFFFEA782E0-3-Motion,2019-12-11 15:21:00,0
EUI64-90FD9FFFFEA782E0-3-Motion,2019-12-11 15:22:00,0
EUI64-90FD9FFFFEA782E0-3-Motion,2019-12-11 15:23:00,0
EUI64-90FD9FFFFEA782E0-3-Motion,2019-12-11 15:24:00,0
EUI64-90FD9FFFFEA782E0-3-Motion,2019-12-11 15:25:00,0
EUI64-90FD9FFFFEA782E0-3-Motion,2019-12-11 15:26:00,0
EUI64-90FD9FFFFEA782E0-3-Motion,2019-12-11 15:27:00,0
EUI64-90FD9FFFFEA782E0-3-Motion,2019-12-11 15:28:00,0
EUI64-90FD9FFFFEA782E0-3-Motion,2019-12-11 15:29:00,0
EUI64-90FD9FFFFEA782E0-3-Motion,2019-12-11 15:30:00,0
EUI64-90FD9FFFFEA782E0-3-Motion,2019-12-11 15:31:00,0
EUI64-90FD9FFFFEA782E0-3-Motion,2019-12-11 15:32:00,0
EUI64-90FD9FFFFEA782E0-3-Motion,2019-12-11 15:33:00,0
EUI64-90FD9FFFFEA782E0-3-Motion,2019-12-11 15:34:00,0
EUI64-90FD9FFFFEA782E0-3-Motion,2019-12-11 15:35:00,0
EUI64-90FD9FFFFEA782E0-3-Motion,2019-12-11 15:36:00,0
EUI64-90FD9FFFFEA782E0-3-Motion,2019-12-11 15:37:00,0
EUI64-90FD9FFFFEA782E0-3-Motion,2019-12-11 15:38:00,0
EUI64-90FD9FFFFEA782E0-3-Motion,2019-12-11 15:39:00,0
EUI64-90FD9FFFFEA782E0-3-Motion,2019-12-11 15:40:00,0
EUI64-90FD9FFFFEA782E0-3-Motion,2019-12-11 15:41:00,0
EUI64-90FD9FFFFEA782E0-3-Motion,2019-12-11 15:42:00,0
EUI64-90FD9FFFFEA782E0-3-Motion,2019-12-11 15:43:00,0
EUI64-90FD9FFFFEA782E0-3-Motion,2019-12-11 15:44:00,0
EUI64-90FD9FFFFEA782E0-3-Motion,2019-12-11 15:45:00,0
EUI64-90FD9FFFFEA782E0-3-Motion,2019-12-11 15:46:00,0
EUI64-90FD9FFFFEA782E0-3-Motion,2019-12-11 15:47:00,0
EUI64-90FD9FFFFEA782E0-3-Motion,2019-12-11 15:48:00,0
EUI64-90FD9FFFFEA782E0-3-Motion,2019-12-11 15:49:00,0
EUI64-90FD9FFFFEA782E0-3-Motion,2019-12-11 15:50:00,0
EUI64-90FD9FFFFEA782E0-3-Motion,2019-12-11 15:51:00,0
EUI64-90FD9FFFFEA782E0-3-Motion,2019-12-11 15:52:00,0
EUI64-90FD9FFFFEA782E0-3-Motion,2019-12-11 15:53:00,0
EUI64-90FD9FFFFEA782E0-3-Motion,2019-12-11 15:54:00,0
EUI64-90FD9FFFFEA782E0-3-Motion,2019-12-11 15:55:00,0
EUI64-90FD9FFFFEA782E0-3-Motion,2019-12-11 15:56:00,0
EUI64-90FD9FFFFEA782E0-3-Motion,2019-12-11 15:57:00,0
EUI64-90FD9FFFFEA782E0-3-Motion,2019-12-11 15:58:00,0
EUI64-90FD9FFFFEA782E0-3-Motion,2019-12-11 15:59:00,0
EUI64-90FD9FFFFEA782E0-3-Motion,2019-12-11 16:00:00,0
EUI64-90FD9FFFFEA782E0-3-Motion,2019-12-11 16:01:00,0
EUI64-90FD9FFFFEA782E0-3-Motion,2019-12-11 16:02:00,0
EUI64-90FD9FFFFEA782E0-3-Motion,2019-12-11 16:03:00,0
EUI64-90FD9FFFFEA782E0-3-Motion,2019-12-11 16:04:00,0
EUI64-90FD9FFFFEA782E0-3-Motion,2019-12-11 16:05:00,0
EUI64-90FD9FFFFEA782E0-3-Motion,2019-12-11 16:06:00,0
EUI64-90FD9FFFFEA782E0-3-Motion,2019-12-11 16:07:00,0
EUI64-90FD9FFFFEA782E0-3-Motion,2019-12-11 16:08:00,0
EUI64-90FD9FFFFEA782E0-3-Motion,2019-12-11 16:09:00,0
EUI64-90FD9FFFFEA782E0-3-Motion,2019-12-11 16:10:00,0
EUI64-90FD9FFFFEA782E0-3-Motion,2019-12-11 16:11:00,0
EUI64-90FD9FFFFEA782E0-3-Motion,2019-12-11 16:12:00,0
EUI64-90FD9FFFFEA782E0-3-Motion,2019-12-11 16:13:00,0
EUI64-90FD9FFFFEA782E0-3-Motion,2019-12-11 16:14:00,0
EUI64-90FD9FFFFEA782E0-3-Motion,2019-12-11 16:15:00,0
EUI64-90FD9FFFFEA782E0-3-Motion,2019-12-11 16:16:00,0
EUI64-90FD9FFFFEA782E0-3-Motion,2019-12-11 16:17:00,0
EUI64-90FD9FFFFEA782E0-3-Motion,2019-12-11 16:18:00,0
EUI64-90FD9FFFFEA782E0-3-Motion,2019-12-11 16:19:00,0
EUI64-90FD9FFFFEA782E0-3-Motion,2019-12-11 16:20:00,0
EUI64-90FD9FFFFEA782E0-3-Motion,2019-12-11 16:21:00,0
EUI64-90FD9FFFFEA782E0-3-Motion,2019-12-11 16:22:00,0
EUI64-90FD9FFFFEA782E0-3-Motion,2019-12-11 16:23:00,0
EUI64-90FD9FFFFEA782E0-3-Motion,2019-12-11 16:24:00,0
EUI64-90FD9FFFFEA782E0-3-Motion,2019-12-11 16:25:00,0
EUI64-90FD9FFFFEA782E0-3-Motion,2019-12-11 16:26:00,0
EUI64-90FD9FFFFEA782E0-3-Motion,2019-12-11 16:27:00,0
EUI64-90FD9FFFFEA782E0-3-Motion,2019-12-11 16:28:00,0
EUI64-90FD9FFFFEA782E0-3-Motion,2019-12-11 16:29:00,0
EUI64-90FD9FFFFEA782E0-3-Motion,2019-12-11 16:30:00,0
EUI64-90FD9FFFFEA782E0-3-Motion,2019-12-11 16:31:00,0
EUI64-90FD9FFFFEA782E0-3-Motion,2019-12-11 16:32:00,0
EUI64-90FD9FFFFEA782E0-3-Motion,2019-12-11 16:33:00,0
EUI64-90FD9FFFFEA782E0-3-Motion,2019-12-11 16:34:00,0
EUI64-90FD9FFFFEA782E0-3-Motion,2019-12-11 16:35:00,0
EUI64-90FD9FFFFEA782E0-3-Motion,2019-12-11 16:36:00,0
EUI64-90FD9FFFFEA782E0-3-Motion,2019-12-11 16:37:00,0
EUI64-90FD9FFFFEA782E0-3-Motion,2019-12-11 16:38:00,0
EUI64-90FD9FFFFEA782E0-3-Motion,2019-12-11 16:39:00,0
EUI64-90FD9FFFFEA782E0-3-Motion,2019-12-11 16:40:00,0
EUI64-90FD9FFFFEA782E0-3-Motion,2019-12-11 16:41:00,0
EUI64-90FD9FFFFEA782E0-3-Motion,2019-12-11 16:42:00,0
EUI64-90FD9FFFFEA782E0-3-Motion,2019-12-11 16:43:00,0
EUI64-90FD9FFFFEA782E0-3-Motion,2019-12-11 16:44:00,0
EUI64-90FD9FFFFEA782E0-3-Motion,2019-12-11 16:45:00,0
EUI64-90FD9FFFFEA782E0-3-Motion,2019-12-11 16:46:00,0
EUI64-90FD9FFFFEA782E0-3-Motion,2019-12-11 16:47:00,0
EUI64-90FD9FFFFEA782E0-3-Motion,2019-12-11 16:48:00,0
EUI64-90FD9FFFFEA782E0-3-Motion,2019-12-11 16:49:00,0
EUI64-90FD9FFFFEA782E0-3-Motion,2019-12-11 16:50:00,0
EUI64-90FD9FFFFEA782E0-3-Motion,2019-12-11 16:51:00,0
EUI64-90FD9FFFFEA782E0-3-Motion,2019-12-11 16:52:00,0
EUI64-90FD9FFFFEA782E0-3-Motion,2019-12-11 16:53:00,0
EUI64-90FD9FFFFEA782E0-3-Motion,2019-12-11 16:54:00,0
EUI64-90FD9FFFFEA782E0-3-Motion,2019-12-11 16:55:00,0
EUI64-90FD9FFFFEA782E0-3-Motion,2019-12-11 16:56:00,0
EUI64-90FD9FFFFEA782E0-3-Motion,2019-12-11 16:57:00,0
EUI64-90FD9FFFFEA782E0-3-Motion,2019-12-11 16:58:00,0
EUI64-90FD9FFFFEA782E0-3-Motion,2019-12-11 16:59:00,0
UUID-7E93516A1EC64C839A3A63AE088C4682,2019-12-11 16:05:00,0
UUID-7E93516A1EC64C839A3A63AE088C4682,2019-12-11 16:06:00,0
UUID-E4F8E316B9E44E44843E813A48FA023D,2019-12-11 15:01:00,0.75
UUID-E4F8E316B9E44E44843E813A48FA023D,2019-12-11 15:02:00,1
UUID-E4F8E316B9E44E44843E813A48FA023D,2019-12-11 15:03:00,1
UUID-E4F8E316B9E44E44843E813A48FA023D,2019-12-11 15:04:00,1
UUID-E4F8E316B9E44E44843E813A48FA023D,2019-12-11 15:05:00,1
UUID-E4F8E316B9E44E44843E813A48FA023D,2019-12-11 15:06:00,0.6166666666666667
UUID-E4F8E316B9E44E44843E813A48FA023D,2019-12-11 15:07:00,0
UUID-E4F8E316B9E44E44843E813A48FA023D,2019-12-11 15:08:00,0
UUID-E4F8E316B9E44E44843E813A48FA023D,2019-12-11 15:09:00,0
UUID-E4F8E316B9E44E44843E813A48FA023D,2019-12-11 15:10:00,0
UUID-E4F8E316B9E44E44843E813A48FA023D,2019-12-11 15:11:00,0
UUID-E4F8E316B9E44E44843E813A48FA023D,2019-12-11 15:12:00,0
UUID-E4F8E316B9E44E44843E813A48FA023D,2019-12-11 15:13:00,0
UUID-E4F8E316B9E44E44843E813A48FA023D,2019-12-11 15:14:00,0
UUID-E4F8E316B9E44E44843E813A48FA023D,2019-12-11 15:15:00,0
UUID-E4F8E316B9E44E44843E813A48FA023D,2019-12-11 15:16:00,0
UUID-E4F8E316B9E44E44843E813A48FA023D,2019-12-11 15:17:00,0
UUID-E4F8E316B9E44E44843E813A48FA023D,2019-12-11 15:18:00,0
UUID-E4F8E316B9E44E44843E813A48FA023D,2019-12-11 15:19:00,0
UUID-E4F8E316B9E44E44843E813A48FA023D,2019-12-11 15:20:00,0
UUID-E4F8E316B9E44E44843E813A48FA023D,2019-12-11 15:21:00,0
UUID-E4F8E316B9E44E44843E813A48FA023D,2019-12-11 15:22:00,0
UUID-E4F8E316B9E44E44843E813A48FA023D,2019-12-11 15:23:00,0
UUID-E4F8E316B9E44E44843E813A48FA023D,2019-12-11 15:24:00,0
UUID-E4F8E316B9E44E44843E813A48FA023D,2019-12-11 15:25:00,0.7666666666666667
UUID-E4F8E316B9E44E44843E813A48FA023D,2019-12-11 15:26:00,1
UUID-E4F8E316B9E44E44843E813A48FA023D,2019-12-11 15:27:00,1
UUID-E4F8E316B9E44E44843E813A48FA023D,2019-12-11 15:28:00,1
UUID-E4F8E316B9E44E44843E813A48FA023D,2019-12-11 15:29:00,1
UUID-E4F8E316B9E44E44843E813A48FA023D,2019-12-11 15:30:00,1
UUID-E4F8E316B9E44E44843E813A48FA023D,2019-12-11 15:31:00,1
UUID-E4F8E316B9E44E44843E813A48FA023D,2019-12-11 15:32:00,1
UUID-E4F8E316B9E44E44843E813A48FA023D,2019-12-11 15:33:00,1
UUID-E4F8E316B9E44E44843E813A48FA023D,2019-12-11 15:34:00,0.6666666666666666
UUID-E4F8E316B9E44E44843E813A48FA023D,2019-12-11 15:35:00,0
UUID-E4F8E316B9E44E44843E813A48FA023D,2019-12-11 15:36:00,0
UUID-E4F8E316B9E44E44843E813A48FA023D,2019-12-11 15:37:00,0
UUID-E4F8E316B9E44E44843E813A48FA023D,2019-12-11 15:38:00,0
UUID-E4F8E316B9E44E44843E813A48FA023D,2019-12-11 15:39:00,0
UUID-E4F8E316B9E44E44843E813A48FA023D,2019-12-11 15:40:00,0
UUID-E4F8E316B9E44E44843E813A48FA023D,2019-12-11 15:41:00,0.5666666666666667
UUID-E4F8E316B9E44E44843E813A48FA023D,2019-12-11 15:42:00,1
UUID-E4F8E316B9E44E44843E813A48FA023D,2019-12-11 15:43:00,1
UUID-E4F8E316B9E44E44843E813A48FA023D,2019-12-11 15:44:00,1
UUID-E4F8E316B9E44E44843E813A48FA023D,2019-12-11 15:45:00,1
UUID-E4F8E316B9E44E44843E813A48FA023D,2019-12-11 15:46:00,1
UUID-E4F8E316B9E44E44843E813A48FA023D,2019-12-11 15:47:00,1
UUID-E4F8E316B9E44E44843E813A48FA023D,2019-12-11 15:48:00,1
UUID-E4F8E316B9E44E44843E813A48FA023D,2019-12-11 15:49:00,1
UUID-E4F8E316B9E44E44843E813A48FA023D,2019-12-11 15:50:00,1
UUID-E4F8E316B9E44E44843E813A48FA023D,2019-12-11 15:51:00,1
UUID-E4F8E316B9E44E44843E813A48FA023D,2019-12-11 15:52:00,1
UUID-E4F8E316B9E44E44843E813A48FA023D,2019-12-11 15:53:00,1
UUID-E4F8E316B9E44E44843E813A48FA023D,2019-12-11 15:54:00,1
UUID-E4F8E316B9E44E44843E813A48FA023D,2019-12-11 15:55:00,0.7833333333333333
UUID-E4F8E316B9E44E44843E813A48FA023D,2019-12-11 15:56:00,0
UUID-E4F8E316B9E44E44843E813A48FA023D,2019-12-11 15:57:00,0.8
UUID-E4F8E316B9E44E44843E813A48FA023D,2019-12-11 15:58:00,1
UUID-E4F8E316B9E44E44843E813A48FA023D,2019-12-11 15:59:00,1
UUID-E4F8E316B9E44E44843E813A48FA023D,2019-12-11 16:00:00,1
UUID-E4F8E316B9E44E44843E813A48FA023D,2019-12-11 16:01:00,1
UUID-E4F8E316B9E44E44843E813A48FA023D,2019-12-11 16:02:00,1
UUID-E4F8E316B9E44E44843E813A48FA023D,2019-12-11 16:03:00,1
UUID-E4F8E316B9E44E44843E813A48FA023D,2019-12-11 16:04:00,1
UUID-E4F8E316B9E44E44843E813A48FA023D,2019-12-11 16:05:00,1
UUID-E4F8E316B9E44E44843E813A48FA023D,2019-12-11 16:06:00,1
UUID-E4F8E316B9E44E44843E813A48FA023D,2019-12-11 16:07:00,0.85
UUID-E4F8E316B9E44E44843E813A48FA023D,2019-12-11 16:08:00,0
UUID-E4F8E316B9E44E44843E813A48FA023D,2019-12-11 16:09:00,0.6
UUID-E4F8E316B9E44E44843E813A48FA023D,2019-12-11 16:10:00,1
UUID-E4F8E316B9E44E44843E813A48FA023D,2019-12-11 16:11:00,1
UUID-E4F8E316B9E44E44843E813A48FA023D,2019-12-11 16:12:00,1
UUID-E4F8E316B9E44E44843E813A48FA023D,2019-12-11 16:13:00,1
UUID-E4F8E316B9E44E44843E813A48FA023D,2019-12-11 16:14:00,1
UUID-E4F8E316B9E44E44843E813A48FA023D,2019-12-11 16:15:00,1
UUID-E4F8E316B9E44E44843E813A48FA023D,2019-12-11 16:16:00,1
UUID-E4F8E316B9E44E44843E813A48FA023D,2019-12-11 16:17:00,1
UUID-E4F8E316B9E44E44843E813A48FA023D,2019-12-11 16:18:00,1
UUID-E4F8E316B9E44E44843E813A48FA023D,2019-12-11 16:19:00,1
UUID-E4F8E316B9E44E44843E813A48FA023D,2019-12-11 16:20:00,1
UUID-E4F8E316B9E44E44843E813A48FA023D,2019-12-11 16:21:00,1
UUID-E4F8E316B9E44E44843E813A48FA023D,2019-12-11 16:22:00,1
UUID-E4F8E316B9E44E44843E813A48FA023D,2019-12-11 16:23:00,1
UUID-E4F8E316B9E44E44843E813A48FA023D,2019-12-11 16:24:00,1
UUID-E4F8E316B9E44E44843E813A48FA023D,2019-12-11 16:25:00,1
UUID-E4F8E316B9E44E44843E813A48FA023D,2019-12-11 16:26:00,1
UUID-E4F8E316B9E44E44843E813A48FA023D,2019-12-11 16:27:00,1
UUID-E4F8E316B9E44E44843E813A48FA023D,2019-12-11 16:28:00,0.11666666666666667
UUID-E4F8E316B9E44E44843E813A48FA023D,2019-12-11 16:29:00,0
UUID-E4F8E316B9E44E44843E813A48FA023D,2019-12-11 16:30:00,0
UUID-E4F8E316B9E44E44843E813A48FA023D,2019-12-11 16:31:00,0
UUID-E4F8E316B9E44E44843E813A48FA023D,2019-12-11 16:32:00,0
UUID-E4F8E316B9E44E44843E813A48FA023D,2019-12-11 16:33:00,0
UUID-E4F8E316B9E44E44843E813A48FA023D,2019-12-11 16:34:00,0
UUID-E4F8E316B9E44E44843E813A48FA023D,2019-12-11 16:35:00,0
UUID-E4F8E316B9E44E44843E813A48FA023D,2019-12-11 16:36:00,0
UUID-E4F8E316B9E44E44843E813A48FA023D,2019-12-11 16:37:00,0
UUID-E4F8E316B9E44E44843E813A48FA023D,2019-12-11 16:38:00,0
UUID-E4F8E316B9E44E44843E813A48FA023D,2019-12-11 16:39:00,0
UUID-E4F8E316B9E44E44843E813A48FA023D,2019-12-11 16:40:00,0
UUID-E4F8E316B9E44E44843E813A48FA023D,2019-12-11 16:41:00,0
UUID-E4F8E316B9E44E44843E813A48FA023D,2019-12-11 16:42:00,0
UUID-E4F8E316B9E44E44843E813A48FA023D,2019-12-11 16:43:00,0
UUID-E4F8E316B9E44E44843E813A48FA023D,2019-12-11 16:44:00,0
UUID-E4F8E316B9E44E44843E813A48FA023D,2019-12-11 16:45:00,0
UUID-E4F8E316B9E44E44843E813A48FA023D,2019-12-11 16:46:00,0
UUID-E4F8E316B9E44E44843E813A48FA023D,2019-12-11 16:47:00,0
UUID-E4F8E316B9E44E44843E813A48FA023D,2019-12-11 16:48:00,0
UUID-E4F8E316B9E44E44843E813A48FA023D,2019-12-11 16:49:00,0
UUID-E4F8E316B9E44E44843E813A48FA023D,2019-12-11 16:50:00,0
UUID-E4F8E316B9E44E44843E813A48FA023D,2019-12-11 16:51:00,0
UUID-E4F8E316B9E44E44843E813A48FA023D,2019-12-11 16:52:00,0.4
UUID-E4F8E316B9E44E44843E813A48FA023D,2019-12-11 16:53:00,1
UUID-E4F8E316B9E44E44843E813A48FA023D,2019-12-11 16:54:00,1
UUID-E4F8E316B9E44E44843E813A48FA023D,2019-12-11 16:55:00,1
UUID-E4F8E316B9E44E44843E813A48FA023D,2019-12-11 16:56:00,1
UUID-E4F8E316B9E44E44843E813A48FA023D,2019-12-11 16:57:00,1
UUID-E4F8E316B9E44E44843E813A48FA023D,2019-12-11 16:58:00,0.36666666666666664
EUI64-D0CF5EFFFE793DE6-3-Motion,2019-12-11 15:00:00,0.75
EUI64-D0CF5EFFFE793DE6-3-Motion,2019-12-11 15:01:00,0.25
EUI64-D0CF5EFFFE793DE6-3-Motion,2019-12-11 15:02:00,0
EUI64-D0CF5EFFFE793DE6-3-Motion,2019-12-11 15:03:00,0
EUI64-D0CF5EFFFE793DE6-3-Motion,2019-12-11 15:04:00,0
EUI64-D0CF5EFFFE793DE6-3-Motion,2019-12-11 15:05:00,0
EUI64-D0CF5EFFFE793DE6-3-Motion,2019-12-11 15:06:00,0
EUI64-D0CF5EFFFE793DE6-3-Motion,2019-12-11 15:07:00,0
EUI64-D0CF5EFFFE793DE6-3-Motion,2019-12-11 15:08:00,0
EUI64-D0CF5EFFFE793DE6-3-Motion,2019-12-11 15:09:00,0
EUI64-D0CF5EFFFE793DE6-3-Motion,2019-12-11 15:10:00,0
EUI64-D0CF5EFFFE793DE6-3-Motion,2019-12-11 15:11:00,0
EUI64-D0CF5EFFFE793DE6-3-Motion,2019-12-11 15:12:00,0
EUI64-D0CF5EFFFE793DE6-3-Motion,2019-12-11 15:13:00,0
EUI64-D0CF5EFFFE793DE6-3-Motion,2019-12-11 15:14:00,0
EUI64-D0CF5EFFFE793DE6-3-Motion,2019-12-11 15:15:00,0
EUI64-D0CF5EFFFE793DE6-3-Motion,2019-12-11 15:16:00,0
EUI64-D0CF5EFFFE793DE6-3-Motion,2019-12-11 15:17:00,0
EUI64-D0CF5EFFFE793DE6-3-Motion,2019-12-11 15:18:00,0
EUI64-D0CF5EFFFE793DE6-3-Motion,2019-12-11 15:19:00,0
EUI64-D0CF5EFFFE793DE6-3-Motion,2019-12-11 15:20:00,0
EUI64-D0CF5EFFFE793DE6-3-Motion,2019-12-11 15:21:00,0
EUI64-D0CF5EFFFE793DE6-3-Motion,2019-12-11 15:22:00,0
EUI64-D0CF5EFFFE793DE6-3-Motion,2019-12-11 15:23:00,0
EUI64-D0CF5EFFFE793DE6-3-Motion,2019-12-11 15:24:00,0
EUI64-D0CF5EFFFE793DE6-3-Motion,2019-12-11 15:25:00,0
EUI64-D0CF5EFFFE793DE6-3-Motion,2019-12-11 15:26:00,0
EUI64-D0CF5EFFFE793DE6-3-Motion,2019-12-11 15:27:00,0
EUI64-D0CF5EFFFE793DE6-3-Motion,2019-12-11 15:28:00,0
EUI64-D0CF5EFFFE793DE6-3-Motion,2019-12-11 15:29:00,0
EUI64-D0CF5EFFFE793DE6-3-Motion,2019-12-11 15:30:00,0
EUI64-D0CF5EFFFE793DE6-3-Motion,2019-12-11 15:31:00,0
EUI64-D0CF5EFFFE793DE6-3-Motion,2019-12-11 15:32:00,0
EUI64-D0CF5EFFFE793DE6-3-Motion,2019-12-11 15:33:00,0
EUI64-D0CF5EFFFE793DE6-3-Motion,2019-12-11 15:34:00,0
EUI64-D0CF5EFFFE793DE6-3-Motion,2019-12-11 15:35:00,0
EUI64-D0CF5EFFFE793DE6-3-Motion,2019-12-11 15:36:00,0
EUI64-D0CF5EFFFE793DE6-3-Motion,2019-12-11 15:37:00,0
EUI64-D0CF5EFFFE793DE6-3-Motion,2019-12-11 15:38:00,0
EUI64-D0CF5EFFFE793DE6-3-Motion,2019-12-11 15:39:00,0
EUI64-D0CF5EFFFE793DE6-3-Motion,2019-12-11 15:40:00,0
EUI64-D0CF5EFFFE793DE6-3-Motion,2019-12-11 15:41:00,0
EUI64-D0CF5EFFFE793DE6-3-Motion,2019-12-11 15:42:00,0
EUI64-D0CF5EFFFE793DE6-3-Motion,2019-12-11 15:43:00,0
EUI64-D0CF5EFFFE793DE6-3-Motion,2019-12-11 15:44:00,0
EUI64-D0CF5EFFFE793DE6-3-Motion,2019-12-11 15:45:00,0
EUI64-D0CF5EFFFE793DE6-3-Motion,2019-12-11 15:46:00,0
EUI64-D0CF5EFFFE793DE6-3-Motion,2019-12-11 15:47:00,0
EUI64-D0CF5EFFFE793DE6-3-Motion,2019-12-11 15:48:00,0
EUI64-D0CF5EFFFE793DE6-3-Motion,2019-12-11 15:49:00,0
EUI64-D0CF5EFFFE793DE6-3-Motion,2019-12-11 15:50:00,0
EUI64-D0CF5EFFFE793DE6-3-Motion,2019-12-11 15:51:00,0
EUI64-D0CF5EFFFE793DE6-3-Motion,2019-12-11 15:52:00,0
EUI64-D0CF5EFFFE793DE6-3-Motion,2019-12-11 15:53:00,0
EUI64-D0CF5EFFFE793DE6-3-Motion,2019-12-11 15:54:00,0
EUI64-D0CF5EFFFE793DE6-3-Motion,2019-12-11 15:55:00,0
EUI64-D0CF5EFFFE793DE6-3-Motion,2019-12-11 15:56:00,0
EUI64-D0CF5EFFFE793DE6-3-Motion,2019-12-11 15:57:00,0
EUI64-D0CF5EFFFE793DE6-3-Motion,2019-12-11 15:58:00,0
EUI64-D0CF5EFFFE793DE6-3-Motion,2019-12-11 15:59:00,0
EUI64-D0CF5EFFFE793DE6-3-Motion,2019-12-11 16:00:00,0
EUI64-D0CF5EFFFE793DE6-3-Motion,2019-12-11 16:01:00,0
EUI64-D0CF5EFFFE793DE6-3-Motion,2019-12-11 16:02:00,0
EUI64-D0CF5EFFFE793DE6-3-Motion,2019-12-11 16:03:00,0
EUI64-D0CF5EFFFE793DE6-3-Motion,2019-12-11 16:04:00,0
EUI64-D0CF5EFFFE793DE6-3-Motion,2019-12-11 16:05:00,0
EUI64-D0CF5EFFFE793DE6-3-Motion,2019-12-11 16:06:00,0
EUI64-D0CF5EFFFE793DE6-3-Motion,2019-12-11 16:07:00,0
EUI64-D0CF5EFFFE793DE6-3-Motion,2019-12-11 16:08:00,0
EUI64-D0CF5EFFFE793DE6-3-Motion,2019-12-11 16:09:00,0
EUI64-D0CF5EFFFE793DE6-3-Motion,2019-12-11 16:10:00,0
EUI64-D0CF5EFFFE793DE6-3-Motion,2019-12-11 16:11:00,0
EUI64-D0CF5EFFFE793DE6-3-Motion,2019-12-11 16:12:00,0
EUI64-D0CF5EFFFE793DE6-3-Motion,2019-12-11 16:13:00,0
EUI64-D0CF5EFFFE793DE6-3-Motion,2019-12-11 16:14:00,0
EUI64-D0CF5EFFFE793DE6-3-Motion,2019-12-11 16:15:00,0
EUI64-D0CF5EFFFE793DE6-3-Motion,2019-12-11 16:16:00,0
EUI64-D0CF5EFFFE793DE6-3-Motion,2019-12-11 16:17:00,0
EUI64-D0CF5EFFFE793DE6-3-Motion,2019-12-11 16:18:00,0
EUI64-D0CF5EFFFE793DE6-3-Motion,2019-12-11 16:19:00,0
EUI64-D0CF5EFFFE793DE6-3-Motion,2019-12-11 16:20:00,0
EUI64-D0CF5EFFFE793DE6-3-Motion,2019-12-11 16:21:00,0
EUI64-D0CF5EFFFE793DE6-3-Motion,2019-12-11 16:22:00,0
EUI64-D0CF5EFFFE793DE6-3-Motion,2019-12-11 16:23:00,0
EUI64-D0CF5EFFFE793DE6-3-Motion,2019-12-11 16:24:00,0
EUI64-D0CF5EFFFE793DE6-3-Motion,2019-12-11 16:25:00,0
EUI64-D0CF5EFFFE793DE6-3-Motion,2019-12-11 16:26:00,0
EUI64-D0CF5EFFFE793DE6-3-Motion,2019-12-11 16:27:00,0
EUI64-D0CF5EFFFE793DE6-3-Motion,2019-12-11 16:28:00,0
EUI64-D0CF5EFFFE793DE6-3-Motion,2019-12-11 16:29:00,0
EUI64-D0CF5EFFFE793DE6-3-Motion,2019-12-11 16:30:00,0
EUI64-D0CF5EFFFE793DE6-3-Motion,2019-12-11 16:31:00,0
EUI64-D0CF5EFFFE793DE6-3-Motion,2019-12-11 16:32:00,0
EUI64-D0CF5EFFFE793DE6-3-Motion,2019-12-11 16:33:00,0
EUI64-D0CF5EFFFE793DE6-3-Motion,2019-12-11 16:34:00,0
EUI64-D0CF5EFFFE793DE6-3-Motion,2019-12-11 16:35:00,0
EUI64-D0CF5EFFFE793DE6-3-Motion,2019-12-11 16:36:00,0
EUI64-D0CF5EFFFE793DE6-3-Motion,2019-12-11 16:37:00,0
EUI64-D0CF5EFFFE793DE6-3-Motion,2019-12-11 16:38:00,0
EUI64-D0CF5EFFFE793DE6-3-Motion,2019-12-11 16:39:00,0
EUI64-D0CF5EFFFE793DE6-3-Motion,2019-12-11 16:40:00,0
EUI64-D0CF5EFFFE793DE6-3-Motion,2019-12-11 16:41:00,0
EUI64-D0CF5EFFFE793DE6-3-Motion,2019-12-11 16:42:00,0
EUI64-D0CF5EFFFE793DE6-3-Motion,2019-12-11 16:43:00,0
EUI64-D0CF5EFFFE793DE6-3-Motion,2019-12-11 16:44:00,0
EUI64-D0CF5EFFFE793DE6-3-Motion,2019-12-11 16:45:00,0
EUI64-D0CF5EFFFE793DE6-3-Motion,2019-12-11 16:46:00,0
EUI64-D0CF5EFFFE793DE6-3-Motion,2019-12-11 16:47:00,0
EUI64-D0CF5EFFFE793DE6-3-Motion,2019-12-11 16:48:00,0
EUI64-D0CF5EFFFE793DE6-3-Motion,2019-12-11 16:49:00,0
EUI64-D0CF5EFFFE793DE6-3-Motion,2019-12-11 16:50:00,0
EUI64-D0CF5EFFFE793DE6-3-Motion,2019-12-11 16:51:00,0
EUI64-D0CF5EFFFE793DE6-3-Motion,2019-12-11 16:52:00,0
EUI64-D0CF5EFFFE793DE6-3-Motion,2019-12-11 16:53:00,0
EUI64-D0CF5EFFFE793DE6-3-Motion,2019-12-11 16:54:00,0
EUI64-D0CF5EFFFE793DE6-3-Motion,2019-12-11 16:55:00,0
EUI64-D0CF5EFFFE793DE6-3-Motion,2019-12-11 16:56:00,0
EUI64-D0CF5EFFFE793DE6-3-Motion,2019-12-11 16:57:00,0
EUI64-D0CF5EFFFE793DE6-3-Motion,2019-12-11 16:58:00,0
EUI64-D0CF5EFFFE793DE6-3-Motion,2019-12-11 16:59:00,0
UUID-3B8017C21806412AAC00CBB6CC6F49B5,2019-12-11 15:04:00,0.8166666666666667
UUID-3B8017C21806412AAC00CBB6CC6F49B5,2019-12-11 15:05:00,1
UUID-3B8017C21806412AAC00CBB6CC6F49B5,2019-12-11 15:06:00,1
UUID-3B8017C21806412AAC00CBB6CC6F49B5,2019-12-11 15:07:00,1
UUID-3B8017C21806412AAC00CBB6CC6F49B5,2019-12-11 15:08:00,1
UUID-3B8017C21806412AAC00CBB6CC6F49B5,2019-12-11 15:09:00,1
UUID-3B8017C21806412AAC00CBB6CC6F49B5,2019-12-11 15:10:00,0.05
UUID-3B8017C21806412AAC00CBB6CC6F49B5,2019-12-11 15:11:00,0
UUID-3B8017C21806412AAC00CBB6CC6F49B5,2019-12-11 15:12:00,0
UUID-3B8017C21806412AAC00CBB6CC6F49B5,2019-12-11 15:13:00,0
UUID-3B8017C21806412AAC00CBB6CC6F49B5,2019-12-11 15:14:00,0
UUID-3B8017C21806412AAC00CBB6CC6F49B5,2019-12-11 15:15:00,0
UUID-3B8017C21806412AAC00CBB6CC6F49B5,2019-12-11 15:16:00,0
UUID-3B8017C21806412AAC00CBB6CC6F49B5,2019-12-11 15:17:00,0
UUID-3B8017C21806412AAC00CBB6CC6F49B5,2019-12-11 15:18:00,0
UUID-3B8017C21806412AAC00CBB6CC6F49B5,2019-12-11 15:19:00,0
UUID-3B8017C21806412AAC00CBB6CC6F49B5,2019-12-11 15:20:00,0
UUID-3B8017C21806412AAC00CBB6CC6F49B5,2019-12-11 15:21:00,0
UUID-3B8017C21806412AAC00CBB6CC6F49B5,2019-12-11 15:22:00,0
UUID-3B8017C21806412AAC00CBB6CC6F49B5,2019-12-11 15:23:00,0
UUID-3B8017C21806412AAC00CBB6CC6F49B5,2019-12-11 15:24:00,0
UUID-3B8017C21806412AAC00CBB6CC6F49B5,2019-12-11 15:25:00,0
UUID-3B8017C21806412AAC00CBB6CC6F49B5,2019-12-11 15:26:00,0
UUID-3B8017C21806412AAC00CBB6CC6F49B5,2019-12-11 15:27:00,0
UUID-3B8017C21806412AAC00CBB6CC6F49B5,2019-12-11 15:28:00,0
UUID-3B8017C21806412AAC00CBB6CC6F49B5,2019-12-11 15:29:00,0
UUID-3B8017C21806412AAC00CBB6CC6F49B5,2019-12-11 15:30:00,0
UUID-3B8017C21806412AAC00CBB6CC6F49B5,2019-12-11 15:31:00,0
UUID-3B8017C21806412AAC00CBB6CC6F49B5,2019-12-11 15:32:00,0
UUID-3B8017C21806412AAC00CBB6CC6F49B5,2019-12-11 15:33:00,0
UUID-3B8017C21806412AAC00CBB6CC6F49B5,2019-12-11 15:34:00,0
UUID-3B8017C21806412AAC00CBB6CC6F49B5,2019-12-11 15:35:00,0
UUID-3B8017C21806412AAC00CBB6CC6F49B5,2019-12-11 15:36:00,0
UUID-3B8017C21806412AAC00CBB6CC6F49B5,2019-12-11 15:37:00,0
UUID-3B8017C21806412AAC00CBB6CC6F49B5,2019-12-11 15:38:00,0
UUID-3B8017C21806412AAC00CBB6CC6F49B5,2019-12-11 15:39:00,0
UUID-3B8017C21806412AAC00CBB6CC6F49B5,2019-12-11 15:40:00,0
UUID-3B8017C21806412AAC00CBB6CC6F49B5,2019-12-11 15:41:00,0
UUID-3B8017C21806412AAC00CBB6CC6F49B5,2019-12-11 15:42:00,0
UUID-3B8017C21806412AAC00CBB6CC6F49B5,2019-12-11 15:43:00,0
UUID-3B8017C21806412AAC00CBB6CC6F49B5,2019-12-11 15:44:00,0
UUID-3B8017C21806412AAC00CBB6CC6F49B5,2019-12-11 15:45:00,0
UUID-3B8017C21806412AAC00CBB6CC6F49B5,2019-12-11 15:46:00,0
UUID-3B8017C21806412AAC00CBB6CC6F49B5,2019-12-11 15:47:00,0
UUID-3B8017C21806412AAC00CBB6CC6F49B5,2019-12-11 15:48:00,0
UUID-3B8017C21806412AAC00CBB6CC6F49B5,2019-12-11 15:49:00,0
UUID-3B8017C21806412AAC00CBB6CC6F49B5,2019-12-11 15:50:00,0
UUID-3B8017C21806412AAC00CBB6CC6F49B5,2019-12-11 15:51:00,0
UUID-3B8017C21806412AAC00CBB6CC6F49B5,2019-12-11 15:52:00,0
UUID-3B8017C21806412AAC00CBB6CC6F49B5,2019-12-11 15:53:00,0
UUID-3B8017C21806412AAC00CBB6CC6F49B5,2019-12-11 15:54:00,0
UUID-3B8017C21806412AAC00CBB6CC6F49B5,2019-12-11 15:55:00,0
UUID-3B8017C21806412AAC00CBB6CC6F49B5,2019-12-11 15:56:00,0
UUID-3B8017C21806412AAC00CBB6CC6F49B5,2019-12-11 15:57:00,0
UUID-3B8017C21806412AAC00CBB6CC6F49B5,2019-12-11 15:58:00,0
UUID-3B8017C21806412AAC00CBB6CC6F49B5,2019-12-11 15:59:00,0
UUID-3B8017C21806412AAC00CBB6CC6F49B5,2019-12-11 16:00:00,0
UUID-3B8017C21806412AAC00CBB6CC6F49B5,2019-12-11 16:01:00,0
UUID-3B8017C21806412AAC00CBB6CC6F49B5,2019-12-11 16:02:00,0
UUID-3B8017C21806412AAC00CBB6CC6F49B5,2019-12-11 16:03:00,0
UUID-3B8017C21806412AAC00CBB6CC6F49B5,2019-12-11 16:04:00,0
UUID-3B8017C21806412AAC00CBB6CC6F49B5,2019-12-11 16:05:00,0
UUID-3B8017C21806412AAC00CBB6CC6F49B5,2019-12-11 16:06:00,0
UUID-3B8017C21806412AAC00CBB6CC6F49B5,2019-12-11 16:07:00,0
UUID-3B8017C21806412AAC00CBB6CC6F49B5,2019-12-11 16:08:00,0
UUID-3B8017C21806412AAC00CBB6CC6F49B5,2019-12-11 16:09:00,0.25
UUID-3B8017C21806412AAC00CBB6CC6F49B5,2019-12-11 16:10:00,1
UUID-3B8017C21806412AAC00CBB6CC6F49B5,2019-12-11 16:11:00,1
UUID-3B8017C21806412AAC00CBB6CC6F49B5,2019-12-11 16:12:00,1
UUID-3B8017C21806412AAC00CBB6CC6F49B5,2019-12-11 16:13:00,1
UUID-3B8017C21806412AAC00CBB6CC6F49B5,2019-12-11 16:14:00,1
UUID-3B8017C21806412AAC00CBB6CC6F49B5,2019-12-11 16:15:00,0.5166666666666667
UUID-90694AC38D2441068B9C569F85A4F6C5,2019-12-11 16:09:00,0.25
UUID-90694AC38D2441068B9C569F85A4F6C5,2019-12-11 16:10:00,1
UUID-90694AC38D2441068B9C569F85A4F6C5,2019-12-11 16:11:00,1
UUID-90694AC38D2441068B9C569F85A4F6C5,2019-12-11 16:12:00,1
UUID-90694AC38D2441068B9C569F85A4F6C5,2019-12-11 16:13:00,1
UUID-90694AC38D2441068B9C569F85A4F6C5,2019-12-11 16:14:00,1
UUID-90694AC38D2441068B9C569F85A4F6C5,2019-12-11 16:15:00,0.5166666666666667
EUI64-D0CF5EFFFE59D03A-3-Motion,2019-12-11 15:00:00,0.016666666666666666
EUI64-D0CF5EFFFE59D03A-3-Motion,2019-12-11 15:01:00,1
EUI64-D0CF5EFFFE59D03A-3-Motion,2019-12-11 15:02:00,0
EUI64-D0CF5EFFFE59D03A-3-Motion,2019-12-11 15:03:00,0
EUI64-D0CF5EFFFE59D03A-3-Motion,2019-12-11 15:04:00,0
EUI64-D0CF5EFFFE59D03A-3-Motion,2019-12-11 15:05:00,0
EUI64-D0CF5EFFFE59D03A-3-Motion,2019-12-11 15:06:00,0
EUI64-D0CF5EFFFE59D03A-3-Motion,2019-12-11 15:07:00,0
EUI64-D0CF5EFFFE59D03A-3-Motion,2019-12-11 15:08:00,0
EUI64-D0CF5EFFFE59D03A-3-Motion,2019-12-11 15:09:00,0
EUI64-D0CF5EFFFE59D03A-3-Motion,2019-12-11 15:10:00,0
EUI64-D0CF5EFFFE59D03A-3-Motion,2019-12-11 15:11:00,0
EUI64-D0CF5EFFFE59D03A-3-Motion,2019-12-11 15:12:00,0
EUI64-D0CF5EFFFE59D03A-3-Motion,2019-12-11 15:13:00,0
EUI64-D0CF5EFFFE59D03A-3-Motion,2019-12-11 15:14:00,0
EUI64-D0CF5EFFFE59D03A-3-Motion,2019-12-11 15:15:00,0
EUI64-D0CF5EFFFE59D03A-3-Motion,2019-12-11 15:16:00,0
EUI64-D0CF5EFFFE59D03A-3-Motion,2019-12-11 15:17:00,0
EUI64-D0CF5EFFFE59D03A-3-Motion,2019-12-11 15:18:00,0
EUI64-D0CF5EFFFE59D03A-3-Motion,2019-12-11 15:19:00,0
EUI64-D0CF5EFFFE59D03A-3-Motion,2019-12-11 15:20:00,0
EUI64-D0CF5EFFFE59D03A-3-Motion,2019-12-11 15:21:00,0
EUI64-D0CF5EFFFE59D03A-3-Motion,2019-12-11 15:22:00,0
EUI64-D0CF5EFFFE59D03A-3-Motion,2019-12-11 15:23:00,0
EUI64-D0CF5EFFFE59D03A-3-Motion,2019-12-11 15:24:00,0
EUI64-D0CF5EFFFE59D03A-3-Motion,2019-12-11 15:25:00,0
EUI64-D0CF5EFFFE59D03A-3-Motion,2019-12-11 15:26:00,0
EUI64-D0CF5EFFFE59D03A-3-Motion,2019-12-11 15:27:00,0
EUI64-D0CF5EFFFE59D03A-3-Motion,2019-12-11 15:28:00,0
EUI64-D0CF5EFFFE59D03A-3-Motion,2019-12-11 15:29:00,0
EUI64-D0CF5EFFFE59D03A-3-Motion,2019-12-11 15:30:00,0
EUI64-D0CF5EFFFE59D03A-3-Motion,2019-12-11 15:31:00,0
EUI64-D0CF5EFFFE59D03A-3-Motion,2019-12-11 15:32:00,0
EUI64-D0CF5EFFFE59D03A-3-Motion,2019-12-11 15:33:00,0
EUI64-D0CF5EFFFE59D03A-3-Motion,2019-12-11 15:34:00,0
EUI64-D0CF5EFFFE59D03A-3-Motion,2019-12-11 15:35:00,0
EUI64-D0CF5EFFFE59D03A-3-Motion,2019-12-11 15:36:00,0
EUI64-D0CF5EFFFE59D03A-3-Motion,2019-12-11 15:37:00,0
EUI64-D0CF5EFFFE59D03A-3-Motion,2019-12-11 15:38:00,0
EUI64-D0CF5EFFFE59D03A-3-Motion,2019-12-11 15:39:00,0
EUI64-D0CF5EFFFE59D03A-3-Motion,2019-12-11 15:40:00,0
EUI64-D0CF5EFFFE59D03A-3-Motion,2019-12-11 15:41:00,0
EUI64-D0CF5EFFFE59D03A-3-Motion,2019-12-11 15:42:00,0
EUI64-D0CF5EFFFE59D03A-3-Motion,2019-12-11 15:43:00,0
EUI64-D0CF5EFFFE59D03A-3-Motion,2019-12-11 15:44:00,0
EUI64-D0CF5EFFFE59D03A-3-Motion,2019-12-11 15:45:00,0
EUI64-D0CF5EFFFE59D03A-3-Motion,2019-12-11 15:46:00,0
EUI64-D0CF5EFFFE59D03A-3-Motion,2019-12-11 15:47:00,0
EUI64-D0CF5EFFFE59D03A-3-Motion,2019-12-11 15:48:00,0
EUI64-D0CF5EFFFE59D03A-3-Motion,2019-12-11 15:49:00,0
EUI64-D0CF5EFFFE59D03A-3-Motion,2019-12-11 15:50:00,0
EUI64-D0CF5EFFFE59D03A-3-Motion,2019-12-11 15:51:00,0
EUI64-D0CF5EFFFE59D03A-3-Motion,2019-12-11 15:52:00,0
EUI64-D0CF5EFFFE59D03A-3-Motion,2019-12-11 15:53:00,0
EUI64-D0CF5EFFFE59D03A-3-Motion,2019-12-11 15:54:00,0
EUI64-D0CF5EFFFE59D03A-3-Motion,2019-12-11 15:55:00,0
EUI64-D0CF5EFFFE59D03A-3-Motion,2019-12-11 15:56:00,0
EUI64-D0CF5EFFFE59D03A-3-Motion,2019-12-11 15:57:00,0
EUI64-D0CF5EFFFE59D03A-3-Motion,2019-12-11 15:58:00,0
EUI64-D0CF5EFFFE59D03A-3-Motion,2019-12-11 15:59:00,0
EUI64-D0CF5EFFFE59D03A-3-Motion,2019-12-11 16:00:00,0
EUI64-D0CF5EFFFE59D03A-3-Motion,2019-12-11 16:01:00,0
EUI64-D0CF5EFFFE59D03A-3-Motion,2019-12-11 16:02:00,0
EUI64-D0CF5EFFFE59D03A-3-Motion,2019-12-11 16:03:00,0
EUI64-D0CF5EFFFE59D03A-3-Motion,2019-12-11 16:04:00,0
EUI64-D0CF5EFFFE59D03A-3-Motion,2019-12-11 16:05:00,0
EUI64-D0CF5EFFFE59D03A-3-Motion,2019-12-11 16:06:00,0
EUI64-D0CF5EFFFE59D03A-3-Motion,2019-12-11 16:07:00,0
EUI64-D0CF5EFFFE59D03A-3-Motion,2019-12-11 16:08:00,0
EUI64-D0CF5EFFFE59D03A-3-Motion,2019-12-11 16:09:00,0
EUI64-D0CF5EFFFE59D03A-3-Motion,2019-12-11 16:10:00,0
EUI64-D0CF5EFFFE59D03A-3-Motion,2019-12-11 16:11:00,0
EUI64-D0CF5EFFFE59D03A-3-Motion,2019-12-11 16:12:00,0
EUI64-D0CF5EFFFE59D03A-3-Motion,2019-12-11 16:13:00,0
EUI64-D0CF5EFFFE59D03A-3-Motion,2019-12-11 16:14:00,0
EUI64-D0CF5EFFFE59D03A-3-Motion,2019-12-11 16:15:00,0
EUI64-D0CF5EFFFE59D03A-3-Motion,2019-12-11 16:16:00,0
EUI64-D0CF5EFFFE59D03A-3-Motion,2019-12-11 16:17:00,0
EUI64-D0CF5EFFFE59D03A-3-Motion,2019-12-11 16:18:00,0
EUI64-D0CF5EFFFE59D03A-3-Motion,2019-12-11 16:19:00,0
EUI64-D0CF5EFFFE59D03A-3-Motion,2019-12-11 16:20:00,0
EUI64-D0CF5EFFFE59D03A-3-Motion,2019-12-11 16:21:00,0
EUI64-D0CF5EFFFE59D03A-3-Motion,2019-12-11 16:22:00,0
EUI64-D0CF5EFFFE59D03A-3-Motion,2019-12-11 16:23:00,0
EUI64-D0CF5EFFFE59D03A-3-Motion,2019-12-11 16:24:00,0
EUI64-D0CF5EFFFE59D03A-3-Motion,2019-12-11 16:25:00,0
EUI64-D0CF5EFFFE59D03A-3-Motion,2019-12-11 16:26:00,0
EUI64-D0CF5EFFFE59D03A-3-Motion,2019-12-11 16:27:00,0
EUI64-D0CF5EFFFE59D03A-3-Motion,2019-12-11 16:28:00,0
EUI64-D0CF5EFFFE59D03A-3-Motion,2019-12-11 16:29:00,0
EUI64-D0CF5EFFFE59D03A-3-Motion,2019-12-11 16:30:00,0
EUI64-D0CF5EFFFE59D03A-3-Motion,2019-12-11 16:31:00,0
EUI64-D0CF5EFFFE59D03A-3-Motion,2019-12-11 16:32:00,0
EUI64-D0CF5EFFFE59D03A-3-Motion,2019-12-11 16:33:00,0
EUI64-D0CF5EFFFE59D03A-3-Motion,2019-12-11 16:34:00,0
EUI64-D0CF5EFFFE59D03A-3-Motion,2019-12-11 16:35:00,0
EUI64-D0CF5EFFFE59D03A-3-Motion,2019-12-11 16:36:00,0
EUI64-D0CF5EFFFE59D03A-3-Motion,2019-12-11 16:37:00,0
EUI64-D0CF5EFFFE59D03A-3-Motion,2019-12-11 16:38:00,0
EUI64-D0CF5EFFFE59D03A-3-Motion,2019-12-11 16:39:00,0
EUI64-D0CF5EFFFE59D03A-3-Motion,2019-12-11 16:40:00,0
EUI64-D0CF5EFFFE59D03A-3-Motion,2019-12-11 16:41:00,0
EUI64-D0CF5EFFFE59D03A-3-Motion,2019-12-11 16:42:00,0
EUI64-D0CF5EFFFE59D03A-3-Motion,2019-12-11 16:43:00,0
EUI64-D0CF5EFFFE59D03A-3-Motion,2019-12-11 16:44:00,0
EUI64-D0CF5EFFFE59D03A-3-Motion,2019-12-11 16:45:00,0
EUI64-D0CF5EFFFE59D03A-3-Motion,2019-12-11 16:46:00,0
EUI64-D0CF5EFFFE59D03A-3-Motion,2019-12-11 16:47:00,0
EUI64-D0CF5EFFFE59D03A-3-Motion,2019-12-11 16:48:00,0
EUI64-D0CF5EFFFE59D03A-3-Motion,2019-12-11 16:49:00,0
EUI64-D0CF5EFFFE59D03A-3-Motion,2019-12-11 16:50:00,0
EUI64-D0CF5EFFFE59D03A-3-Motion,2019-12-11 16:51:00,0
EUI64-D0CF5EFFFE59D03A-3-Motion,2019-12-11 16:52:00,0
EUI64-D0CF5EFFFE59D03A-3-Motion,2019-12-11 16:53:00,0
EUI64-D0CF5EFFFE59D03A-3-Motion,2019-12-11 16:54:00,0
EUI64-D0CF5EFFFE59D03A-3-Motion,2019-12-11 16:55:00,0
EUI64-D0CF5EFFFE59D03A-3-Motion,2019-12-11 16:56:00,0
EUI64-D0CF5EFFFE59D03A-3-Motion,2019-12-11 16:57:00,0
EUI64-D0CF5EFFFE59D03A-3-Motion,2019-12-11 16:58:00,0
EUI64-D0CF5EFFFE59D03A-3-Motion,2019-12-11 16:59:00,0
UUID-103DAA45D9054BEC8AD2F4B7DB02FBBE,2019-12-11 15:53:00,0
UUID-103DAA45D9054BEC8AD2F4B7DB02FBBE,2019-12-11 15:54:00,0
UUID-103DAA45D9054BEC8AD2F4B7DB02FBBE,2019-12-11 15:55:00,0
UUID-103DAA45D9054BEC8AD2F4B7DB02FBBE,2019-12-11 15:56:00,0
UUID-103DAA45D9054BEC8AD2F4B7DB02FBBE,2019-12-11 15:57:00,0
UUID-103DAA45D9054BEC8AD2F4B7DB02FBBE,2019-12-11 15:58:00,0
UUID-103DAA45D9054BEC8AD2F4B7DB02FBBE,2019-12-11 15:59:00,0
UUID-103DAA45D9054BEC8AD2F4B7DB02FBBE,2019-12-11 16:00:00,0
UUID-103DAA45D9054BEC8AD2F4B7DB02FBBE,2019-12-11 16:01:00,0
UUID-103DAA45D9054BEC8AD2F4B7DB02FBBE,2019-12-11 16:02:00,0.5
UUID-103DAA45D9054BEC8AD2F4B7DB02FBBE,2019-12-11 16:03:00,1
UUID-103DAA45D9054BEC8AD2F4B7DB02FBBE,2019-12-11 16:04:00,1
UUID-103DAA45D9054BEC8AD2F4B7DB02FBBE,2019-12-11 16:05:00,1
UUID-103DAA45D9054BEC8AD2F4B7DB02FBBE,2019-12-11 16:06:00,1
UUID-103DAA45D9054BEC8AD2F4B7DB02FBBE,2019-12-11 16:07:00,1
UUID-103DAA45D9054BEC8AD2F4B7DB02FBBE,2019-12-11 16:08:00,1
UUID-103DAA45D9054BEC8AD2F4B7DB02FBBE,2019-12-11 16:09:00,1
UUID-103DAA45D9054BEC8AD2F4B7DB02FBBE,2019-12-11 16:10:00,1
UUID-103DAA45D9054BEC8AD2F4B7DB02FBBE,2019-12-11 16:11:00,1
UUID-103DAA45D9054BEC8AD2F4B7DB02FBBE,2019-12-11 16:12:00,0.43333333333333335
UUID-103DAA45D9054BEC8AD2F4B7DB02FBBE,2019-12-11 16:13:00,0
UUID-103DAA45D9054BEC8AD2F4B7DB02FBBE,2019-12-11 16:14:00,0
UUID-103DAA45D9054BEC8AD2F4B7DB02FBBE,2019-12-11 16:15:00,0
UUID-103DAA45D9054BEC8AD2F4B7DB02FBBE,2019-12-11 16:16:00,0
UUID-103DAA45D9054BEC8AD2F4B7DB02FBBE,2019-12-11 16:17:00,0
UUID-103DAA45D9054BEC8AD2F4B7DB02FBBE,2019-12-11 16:18:00,0
UUID-103DAA45D9054BEC8AD2F4B7DB02FBBE,2019-12-11 16:19:00,0
UUID-103DAA45D9054BEC8AD2F4B7DB02FBBE,2019-12-11 16:20:00,0
UUID-103DAA45D9054BEC8AD2F4B7DB02FBBE,2019-12-11 16:21:00,0
UUID-103DAA45D9054BEC8AD2F4B7DB02FBBE,2019-12-11 16:22:00,0
UUID-103DAA45D9054BEC8AD2F4B7DB02FBBE,2019-12-11 16:23:00,0
UUID-103DAA45D9054BEC8AD2F4B7DB02FBBE,2019-12-11 16:24:00,0.6833333333333333
UUID-103DAA45D9054BEC8AD2F4B7DB02FBBE,2019-12-11 16:25:00,1
UUID-103DAA45D9054BEC8AD2F4B7DB02FBBE,2019-12-11 16:26:00,1
UUID-103DAA45D9054BEC8AD2F4B7DB02FBBE,2019-12-11 16:27:00,1
UUID-103DAA45D9054BEC8AD2F4B7DB02FBBE,2019-12-11 16:28:00,1
UUID-103DAA45D9054BEC8AD2F4B7DB02FBBE,2019-12-11 16:29:00,0.55
UUID-103DAA45D9054BEC8AD2F4B7DB02FBBE,2019-12-11 16:30:00,0
UUID-103DAA45D9054BEC8AD2F4B7DB02FBBE,2019-12-11 16:31:00,0
UUID-103DAA45D9054BEC8AD2F4B7DB02FBBE,2019-12-11 16:32:00,0.5
UUID-103DAA45D9054BEC8AD2F4B7DB02FBBE,2019-12-11 16:33:00,1
UUID-103DAA45D9054BEC8AD2F4B7DB02FBBE,2019-12-11 16:34:00,1
UUID-103DAA45D9054BEC8AD2F4B7DB02FBBE,2019-12-11 16:35:00,1
UUID-103DAA45D9054BEC8AD2F4B7DB02FBBE,2019-12-11 16:36:00,1
UUID-103DAA45D9054BEC8AD2F4B7DB02FBBE,2019-12-11 16:37:00,0.6
